Date,Close,High,Low,Open,Volume
,AAPL,AAPL,AAPL,AAPL,AAPL
2020-01-02,72.33389282226562,72.39410082239243,71.09119881769524,71.34406947838406,135480400
2020-01-03,71.63062286376953,72.38924180059009,71.40665098377971,71.56319023271006,146322800
2020-01-06,72.20140838623047,72.23994237629597,70.50354624985978,70.75401351048198,118387200
2020-01-07,71.8618392944336,72.4663224088167,71.64268136784916,72.211041164577,108872000
2020-01-08,73.017822265625,73.31886213203573,71.56560624404386,71.56560624404386,132079200
2020-01-09,74.56880187988281,74.76146451044018,73.74275001069596,73.99320996049889,170108400
2020-01-10,74.73738098144531,75.3009342510977,74.23645372460896,74.80241031619431,140644800
2020-01-13,76.3340835571289,76.36057889021191,74.93485068528152,75.05286332420356,121532000
2020-01-14,75.30332946777344,76.48100118582082,75.18051017572739,76.27147857331117,161954400
2020-01-15,74.98060607910156,75.98246770801262,74.54951490172726,75.10343270524221,121923600
2020-01-16,75.91986083984375,76.03064882750155,75.1612416745226,75.52248959606675,108829200
2020-01-17,76.76036071777344,76.7627640392473,75.86205500785368,76.16790890123319,137816400
2020-01-21,76.24018096923828,76.83021490503033,76.10290497799846,76.38949561952354,110843200
2020-01-22,76.5123291015625,77.06382908812623,76.41840109404252,76.72425508723063,101832400
2020-01-23,76.88077545166016,76.96024675038308,76.01859307367198,76.56528622859716,104472000
2020-01-24,76.65918731689453,77.8681605853417,76.46892809320815,77.12640170441504,146537600
2020-01-27,74.40502166748047,75.08416206919466,73.42483402812097,74.67234156024762,161940000
2020-01-28,76.5098876953125,76.68087628820244,75.18531223152581,75.28405419350632,162234000
2020-01-29,78.11143493652344,78.95675744540253,77.39857441186852,78.13793027321145,216229200
2020-01-30,77.9982681274414,78.05125146785414,76.76520931377426,77.19630070396838,126743200
2020-01-31,74.53990173339844,77.71165450707113,74.24608645041388,77.29019858022654,199588400
2020-02-03,74.3351821899414,75.49839714349714,72.78422401879573,73.2851511845041,173788400
2020-02-04,76.78926086425781,76.9795201431656,75.53211792000401,75.93671379066781,136616400
2020-02-05,77.4154052734375,78.2125581517133,76.81332561615335,77.91392164396883,118826800
2020-02-06,78.3209457397461,78.32335641079244,77.12883215929374,77.68515330009288,105425600
2020-02-07,77.25634765625,78.06987612347613,76.76629893571341,77.82123085871221,117684000
2020-02-10,77.62329864501953,77.62329864501953,75.7644959675757,75.84415588740227,109348800
2020-02-11,77.15496826171875,78.19059132825674,76.93770658748598,78.11817322586252,94323200
2020-02-12,78.98723602294922,78.99206144129231,77.60399117788235,77.60399117788235,113730400
2020-02-13,78.42475128173828,78.75064746940821,78.05782062596876,78.26059867524006,94747600
2020-02-14,78.44407653808594,78.6927218682662,77.93712767417983,78.39337649475979,80113600
2020-02-18,77.00770568847656,77.18875828805763,75.94794093607852,76.12899353565957,152531200
2020-02-19,78.12300109863281,78.35233737517142,77.24912158938099,77.24912158938099,93984000
2020-02-20,77.32154846191406,78.37165530100644,76.81701596336808,77.8840228178166,100566000
2020-02-21,75.57136535644531,77.35775721221363,74.95578935685651,76.91598466630131,129554000
2020-02-24,71.981689453125,73.43011036441114,69.82113268068633,71.75960237227564,222195200
2020-02-25,69.54353332519531,73.0318176639516,69.07280081018256,72.65040328612861,230673600
2020-02-26,70.64674377441406,71.90928692764982,69.16211349223191,69.16935530367469,198054800
2020-02-27,66.02867126464844,69.0413890764873,65.89348591735909,67.85851360418104,320605600
2020-02-28,65.99005889892578,67.20915102510166,61.88861568726967,62.103468343907636,426510000
2020-03-02,72.1337890625,72.7686815326321,67.0425894386722,68.14338895911868,341397200
2020-03-03,69.84285736083984,73.38665871766685,68.99311238709194,73.3069988099028,319475600
2020-03-04,73.08248901367188,73.24181619852034,70.76260504877715,71.56164999828624,219178400
2020-03-05,70.7119140625,72.31241302487865,70.34739243241086,71.33955724756618,187572800
2020-03-06,69.77285766601562,70.2049720207652,67.88991319528947,68.07579124975517,226176800
2020-03-09,64.25436401367188,67.13188921300795,63.48911178224734,63.67016438238683,286744800
2020-03-10,68.88207244873047,69.14761776690831,65.02685833500999,66.9025682079639,285290000
2020-03-11,66.4897689819336,67.88749740945617,65.62795665733853,66.96292517997638,255598800
2020-03-12,59.92359161376953,65.17894700154001,59.86806983845157,61.784814276675704,418474000
2020-03-13,67.1029281616211,67.57366791219874,61.06301183278901,63.94537376560975,370732000
2020-03-16,58.47035598754883,62.542829050103194,57.93685251654096,58.40758870653268,322423600
2020-03-17,61.041290283203125,62.1879532458274,57.55059398806874,59.74978006097213,324056000
2020-03-18,59.54700469970703,60.350878847985236,57.24160039100893,57.88132191691277,300233600
2020-03-19,59.090755462646484,61.03646731467495,58.56691024737155,59.72081881991735,271857200
2020-03-20,55.33934783935547,60.792652825729554,55.04000612907548,59.670124174823826,401693200
2020-03-23,54.163700103759766,55.160697700443244,51.32479637531141,55.05930867623348,336752800
2020-03-24,59.597686767578125,59.79322297879332,56.560830830141484,57.058121363238,287531200
2020-03-25,59.269378662109375,62.34244368334185,58.97486614557388,60.53191772932418,303602000
2020-03-26,62.38832473754883,62.44625922344338,59.472169846872056,59.51079529315195,252087200
2020-03-27,59.80530548095703,61.767913466106,59.638736473627105,61.01473571142301,204216800
2020-03-30,61.51203155517578,61.68342967850782,60.20603760216864,60.529521124828726,167976400
2020-03-31,61.38649368286133,63.366001623216455,60.83368129501873,61.702735358357586,197002000
2020-04-01,58.15652847290039,60.04188955581618,57.726830460711994,59.505973395261975,176218400
2020-04-02,59.12696075439453,59.18006982201146,57.188490836952404,58.01891951220774,165934000
2020-04-03,58.2772216796875,59.31284110700112,57.68819653151743,58.61277240805976,129880000
2020-04-06,63.361175537109375,63.51566994282337,60.201204676104986,60.568135335844495,201820400
2020-04-07,62.62730407714844,65.58932954032026,62.52350234713508,65.37206051111131,202887200
2020-04-08,64.23023986816406,64.54406151460887,63.061847651130236,63.42636197678972,168895200
2020-04-09,64.6937026977539,65.19582595653276,63.899490719175986,64.86510443692977,161834800
2020-04-13,65.9635009765625,66.07213548949194,64.17228391165321,64.77096719479518,131022800
2020-04-14,69.29487609863281,69.58456326372355,67.12224446160415,67.59298426311395,194994800
2020-04-15,68.66238403320312,69.12104913161228,67.74505383638481,68.17233530641538,131154400
2020-04-16,69.20795440673828,69.5724759670409,68.16026433690568,69.3745233735621,157125200
2020-04-17,68.2688980102539,69.27072829912615,66.83496081662895,68.72515410233876,215250000
2020-04-20,66.85187530517578,67.99854202997274,66.83256626499734,67.09811161151838,130015200
2020-04-21,64.78546142578125,66.92912586019385,64.07573448825138,66.69496415132106,180991600
2020-04-22,66.65150451660156,67.08602784822331,65.71003238672124,66.05040482183006,116862400
2020-04-23,66.39320373535156,68.01543553598502,66.35457829164004,66.59598178954948,124814400
2020-04-24,68.30995178222656,68.31960998543786,66.86877252729914,66.91705617630512,126161200
2020-04-27,68.35824584960938,68.68896753125865,67.58092613126625,68.02751680090847,117087600
2020-04-28,67.25018310546875,69.00035846269303,67.15845596472252,68.81930583953189,112004800
2020-04-29,69.45903015136719,69.92735352024151,68.53204161617626,68.73481966758834,137280800
2020-04-30,70.92434692382812,71.10057413486881,69.60870223992275,69.99735834734561,183064000
2020-05-01,69.78250885009766,72.17964374552773,69.0051893150792,69.10174923798432,240616800
2020-05-04,70.76985168457031,70.89779524622708,69.11865261133845,69.80665406694762,133568000
2020-05-05,71.8320541381836,72.662483105901,71.08370150986168,71.2285451422874,147751200
2020-05-06,72.57312774658203,73.2031872790944,72.14825527383692,72.53208591439893,142333600
2020-05-07,73.32389831542969,73.66911092684012,72.89661676334377,73.19837114485792,115215200
2020-05-08,75.06913757324219,75.12239040799929,73.65552559886389,73.98230402182824,133838400
2020-05-11,76.25035858154297,76.7441494175839,74.36957144120983,74.57774424961227,145946400
2020-05-12,75.37897491455078,77.3832066763356,75.25794640867731,76.93297679324957,162301200
2020-05-13,74.46882629394531,76.4779036027934,73.39409274246334,75.55808267285332,200622400
2020-05-14,74.92633056640625,74.98684482021679,72.98745151047878,73.7087840752181,158929200
2020-05-15,74.48333740234375,74.52932881095421,72.66791038979864,72.70180190645536,166348400
2020-05-18,76.23826599121094,76.61103581678174,75.11512542110488,75.80498930633232,135178400
2020-05-19,75.79772186279297,77.09998213452099,75.76625327530091,76.25520568719914,101729600
2020-05-20,77.27184295654297,77.3420341535439,76.61586330214624,76.65459330065981,111504800
2020-05-21,76.69575500488281,77.67366726497515,76.4585365069764,77.13387754437865,102688800
2020-05-22,77.1895523071289,77.27185079219365,76.33266854723075,76.43432834001963,81803200
2020-05-26,76.66670227050781,78.48454498542678,76.6110265113562,78.3054252019707,125522000
2020-05-27,77.0007553100586,77.14599099987917,75.78563172544763,76.52391007078806,112945200
2020-05-28,77.03463745117188,78.29091382648822,76.4004493161322,76.67639044487011,133560800
2020-05-29,76.95960235595703,77.73660324937043,76.60377827424547,77.27669643163954,153532400
2020-06-01,77.90605926513672,78.02708778430363,76.78291106151043,76.91362393056917,80791200
2020-06-02,78.2667007446289,78.29090791932163,77.19922860751555,77.63977407114822,87642800
2020-06-03,78.69755554199219,78.95898118849432,78.01495316022684,78.58621141173712,104491200
2020-06-04,78.01980590820312,78.81859097042819,77.6470360985682,78.5208656190316,87560400
2020-06-05,80.24188995361328,80.30240419943048,78.2400813612976,78.26912701737099,137250400
2020-06-08,80.71632385253906,80.75021537775042,79.23009773769596,79.93932296340279,95654400
2020-06-09,83.26517486572266,83.65730597576551,80.36533708864444,80.3968056767083,147712400
2020-06-10,85.40738677978516,85.87455499385788,83.77350211039672,84.21162466782144,166651600
2020-06-11,81.30695343017578,84.97653882509627,81.20529361612985,84.5529390302518,201662400
2020-06-12,82.00891876220703,84.18743203095863,80.90030081571983,83.44189962926336,200146000
2020-06-15,83.02310943603516,83.67424321088224,80.5032957450343,80.66547714891838,138808800
2020-06-16,85.22342681884766,85.4945368687229,83.4418908130573,85.07335265810912,165428800
2020-06-17,85.10481262207031,86.02704912393895,84.98378413219785,85.96653487900272,114406400
2020-06-18,85.13871765136719,85.55505601805591,84.53115217198582,85.06125763268233,96820400
2020-06-19,84.65214538574219,86.30781381308972,83.54594350116787,85.84306866874175,264476000
2020-06-22,86.86699676513672,87.0098095125726,84.99831637895207,85.04430780115948,135445200
2020-06-23,88.72114562988281,90.13718045697547,87.68998051908838,88.1087417587427,212155600
2020-06-24,87.155029296875,89.26818923809188,86.78225950639512,88.35079128217394,192623200
2020-06-25,88.31208038330078,88.3508103921037,86.55232854521968,87.30996818337783,137522400
2020-06-26,85.59861755371094,88.42826445687878,85.45095894340278,88.20799170182455,205256800
2020-06-29,87.5713882446289,87.66579402801841,85.02978953914176,85.50664216317482,130646000
2020-06-30,88.3023910522461,88.58802392767775,87.14052040168764,87.15988171149978,140223200
2020-07-01,88.1353759765625,88.92206127344404,88.08696900587378,88.37985592496987,110737200
2020-07-02,88.1353759765625,89.67486242954287,88.02161627129679,89.04067423366814,114041600
2020-07-06,90.49299621582031,90.96016437699369,89.5296068531223,89.56107543992535,118655600
2020-07-07,90.21222686767578,91.64762315168353,90.10088271239697,90.87062222466152,112424400
2020-07-08,92.31324768066406,92.3447162626197,91.10054013078307,91.18768446442877,117092000
2020-07-09,92.71024322509766,93.2572869587544,91.66455533300416,93.20403412942578,125642800
2020-07-10,92.87242126464844,92.93051996359854,91.69602787555728,92.30600881208682,90257200
2020-07-13,92.4439926147461,96.7792345052281,92.23098126624099,94.1746987408597,191649200
2020-07-14,93.97377014160156,94.16498980895781,90.89480551473416,91.82671884066302,170989200
2020-07-15,94.62006378173828,96.09418977539168,93.42430181349536,95.84487140313816,153198000
2020-07-16,93.4557876586914,94.31024858615012,92.85790656415841,93.49451766571708,110577600
2020-07-17,93.26697540283203,94.06092201052024,92.79496133182224,93.90600938284572,92186800
2020-07-20,95.23248291015625,95.37045717183655,93.01040144233045,93.35412562962276,90318000
2020-07-21,93.9180908203125,96.09660323624759,93.66877247263514,96.02156617732469,103433200
2020-07-22,94.18196105957031,94.86214066616996,93.53325004616464,93.62038702393836,89001600
2020-07-23,89.8951416015625,93.99316537476754,89.08667200224166,93.91570535175619,197004400
2020-07-24,89.67244720458984,90.01617144490031,86.31269437361678,88.09666092836993,185438800
2020-07-27,91.79769134521484,91.88967418415685,90.50995376100627,90.73264205708286,121214000
2020-07-28,90.28968811035156,91.5459645894224,90.28484224245163,91.36926031193099,103625600
2020-07-29,92.0203857421875,92.20435141750036,90.73506372270917,90.77137079362801,90329200
2020-07-30,93.13381958007812,93.23790227908668,90.78828751800603,91.19494135621903,158130000
2020-07-31,102.8839111328125,103.03398529349649,97.6215868383854,99.61614157613516,374336800
2020-08-03,105.47632598876953,108.09053834247213,104.4645296144692,104.7622549635953,308151200
2020-08-04,106.18070220947266,107.26995848073891,104.94378735797679,105.66511972582127,173071600
2020-08-05,106.56558990478516,106.88510690463526,105.43760344433963,105.90235611566642,121776800
2020-08-06,110.2835922241211,110.7773905993439,106.30902020460445,106.89721697372634,202428800
2020-08-07,107.77620697021484,110.26176460572711,106.98082882286342,109.80587577731004,198045600
2020-08-10,109.34271240234375,110.35876045671141,106.69710821737102,109.21903838608283,212403600
2020-08-11,106.09089660644531,109.10508876138287,105.83142680895541,108.60798009169528,187902400
2020-08-12,109.61671447753906,109.87375687982836,106.98565970661953,107.17965145918507,165598000
2020-08-13,111.55667114257812,112.55817011651827,110.50667052619417,110.99408465160128,210082000
2020-08-14,111.4572525024414,111.54697388434195,109.65067355223327,111.38208013380518,165565200
2020-08-17,111.1662368774414,112.60180092329254,110.54060722184437,112.57755010556633,119561600
2020-08-18,112.09259033203125,112.51695384329368,110.58428087027461,110.91892299463439,105633600
2020-08-19,112.23322296142578,113.64453639963617,112.13865437861999,112.49996719549999,145538000
2020-08-20,114.72362518310547,114.8375973733061,112.2574641314498,112.27444044495672,126907200
2020-08-21,120.6356430053711,121.11820259811186,115.66937453320799,115.68149624546582,338054800
2020-08-24,122.07846069335938,124.91806397068724,120.2161130032418,124.83318239328597,345937600
2020-08-25,121.07696533203125,121.42130925505194,119.35768781992573,120.95329871627834,211495600
2020-08-26,122.72348022460938,123.17936898693925,121.32671591454528,122.39126546065715,163022400
2020-08-27,121.25640869140625,123.65709200762272,120.11425938434616,123.32487721481381,155552400
2020-08-28,121.05998992919922,122.64589153107447,120.83689273182479,122.22880256231407,187630000
2020-08-31,125.1654052734375,127.06656032182518,122.2166916072517,123.7492518971319,225702700
2020-09-01,130.15103149414062,130.75242510254097,126.61063429258002,128.77367095981276,151948100
2020-09-02,127.45452117919922,133.8369490459464,123.18664339139957,133.45865994566697,200119000
2020-09-03,117.25041198730469,124.97140134269283,116.8818246649217,123.09935930505591,257599600
2020-09-04,117.32801818847656,119.98574406174012,107.56038329847304,116.46474218511382,332607200
2020-09-08,109.43243408203125,115.41717011939836,109.2966383541402,110.52850171438395,231366600
2020-09-09,113.79730987548828,115.56266164657546,111.79916649731042,113.73911382379356,176940500
2020-09-10,110.08230590820312,116.88182317054356,109.12203408038299,116.74602745349068,182274400
2020-09-11,108.63705444335938,111.77007275174712,106.6971070425851,111.12988655734183,180860300
2020-09-14,111.89617156982422,112.4490563072492,109.41304115616997,111.27538896641066,140150100
2020-09-15,112.07076263427734,115.26197700807842,110.19871308977739,114.77699015613865,184642000
2020-09-16,108.76315307617188,112.51695412354394,108.67585899150183,111.77007759799923,154679000
2020-09-17,107.02688598632812,108.83103751673956,105.44583164529507,106.42550707639862,178011000
2020-09-18,103.63197326660156,107.55066740012516,102.90449308489,107.08508422800398,287104900
2020-09-21,106.77469635009766,106.88139403880808,100.00427732246104,101.4010416835348,195713800
2020-09-22,108.4527587890625,109.47123415071694,105.88233436259476,109.29663858587081,183055400
2020-09-23,103.9035873413086,108.74375412227577,103.56409061974239,108.26846907252015,150718700
2020-09-24,104.97056579589844,106.93961142539536,101.847248976567,102.01214274645399,167743300
2020-09-25,108.90864562988281,109.06384497371614,104.4370662899755,105.17424837255975,149981400
2020-09-28,111.50816345214844,111.85735453793174,109.39362072171006,111.5566650919616,137672400
2020-09-29,110.664306640625,111.84767585373268,110.15992352372166,111.11050109828263,99382200
2020-09-30,112.3326416015625,113.73910777869786,110.2084044241761,110.37329816208843,142675200
2020-10-01,113.28321075439453,114.18528644364022,112.35203704296524,114.10768678427674,116120400
2020-10-02,109.62642669677734,111.90587086149135,108.85045216012577,109.50033277715342,144712000
2020-10-05,113.00193786621094,113.14743540361185,110.14051836534591,110.48970949498322,106243800
2020-10-06,109.7622299194336,112.63335124814374,108.87955028037823,112.2259566607193,161498200
2020-10-07,111.62456512451172,112.08045390652613,110.70308575226879,111.1783781507114,96849000
2020-10-08,111.51786041259766,112.90492288741173,111.14926572678705,112.75942537460811,83477200
2020-10-09,113.45783233642578,113.48693036528995,111.46938316049868,111.8185743074938,100506900
2020-10-12,120.66471862792969,121.42129686008033,115.69845107798898,116.45502931013961,240226800
2020-10-13,117.46381378173828,121.62500184957032,116.05735487456657,121.50860234126793,262330500
2020-10-14,117.5511245727539,119.33587277286527,116.02826603667377,117.36682718675729,150712000
2020-10-15,117.08551025390625,117.56079523723751,114.60238025084043,115.15526489684527,112559200
2020-10-16,115.4462661743164,117.90030584427576,115.24257258596,117.63840880188037,115393800
2020-10-19,112.49755096435547,116.80422908289772,112.1871596819352,116.35804207693808,120639300
2020-10-20,113.98160552978516,115.40746797741103,112.15805033404632,112.71093501778782,124423700
2020-10-21,113.3608169555664,115.14556482205545,112.95342242055368,113.16681779596242,89946000
2020-10-22,112.27444458007812,114.49568501963495,111.14927164811971,113.92339674553574,101988000
2020-10-23,111.58577728271484,113.05043966735408,110.84859518576691,112.89524032049677,82572600
2020-10-26,111.59546661376953,113.05042702646372,109.49061825916863,110.58669317293085,111850700
2020-10-27,113.09892272949219,113.75850508779021,111.10077943831497,112.02225141814819,92276800
2020-10-28,107.86107635498047,111.96406850952522,107.76408046155812,111.59548115439539,143937800
2020-10-29,111.85733032226562,113.41898806218693,108.83101070073977,108.99591180021882,146129200
2020-10-30,105.59133911132812,108.6273541724171,104.4855696692542,107.72527832227131,190272600
2020-11-02,105.50403594970703,107.356689266343,104.09757704674024,105.83383085542181,122866900
2020-11-03,107.1238784790039,108.14234624016166,105.46522463913784,106.36730031348367,107624400
2020-11-04,111.49848175048828,112.1192643704232,108.97655143196363,110.71280536595152,138235500
2020-11-05,115.45596313476562,116.02825144019144,113.36082388514865,114.40838980980128,126387100
2020-11-06,115.32479095458984,115.8203256136095,112.83736946099638,114.96527887670223,114457900
2020-11-09,113.02198028564453,118.53121707167843,112.75963885381937,117.083465097586,154515300
2020-11-10,112.6819076538086,114.25597110360664,110.89407325748324,112.27381767890381,138023400
2020-11-11,116.10211944580078,116.2381494579348,113.1385999950758,113.86733537997074,112295000
2020-11-12,115.83004760742188,117.1126214574974,115.20819406878398,116.22842646880996,103162300
2020-11-13,115.87864685058594,116.27701834676313,114.52805783909481,116.05354364266076,81581900
2020-11-16,116.8891372680664,117.55956865833653,114.80009473182567,115.54825966136949,91183000
2020-11-17,116.00492858886719,117.24863549686008,115.58712010448728,116.16039565890526,74271000
2020-11-18,114.68350219726562,116.42275133775613,114.65435397133162,115.24705927558566,76322100
2020-11-19,115.27619934082031,115.68428930116418,113.4980835539356,114.25596702688232,74113000
2020-11-20,114.0130615234375,115.40251710432108,113.96448361868471,115.27620565626937,73604300
2020-11-23,110.62201690673828,114.2851304944073,110.5248536828197,113.85760341347095,127959300
2020-11-24,111.90458679199219,112.56530706965945,109.39773567263003,110.68031687022992,113874200
2020-11-25,112.740234375,113.43982161301038,111.90461710882988,112.27384782504679,76499200
2020-11-27,113.28431701660156,114.15880077486167,112.92481238098438,113.26488733889717,46691300
2020-11-30,115.67459869384766,117.5401594833683,113.49810369299398,113.6535707986605,169410200
2020-12-01,119.24053192138672,119.96926723797301,116.60736920035771,117.57901628913943,127728200
2020-12-02,119.59034729003906,119.87212588677608,117.4624374051066,118.56039614708436,89004200
2020-12-03,119.45429992675781,120.27047995352808,118.74499426371094,120.01784962535093,78967600
2020-12-04,118.78385162353516,119.37655691588907,118.07454601670749,119.12392660773527,78260400
2020-12-07,120.24134063720703,121.03809104227989,118.78386984160453,118.84216630124308,86712000
2020-12-08,120.85347747802734,121.43647173529656,119.60005168582639,120.84376634333147,82225500
2020-12-09,118.32718658447266,122.37895334699282,117.56930300737729,120.99921619827668,115089200
2020-12-10,119.74577331542969,120.35791566525569,116.74338766599487,117.08346263085474,81312200
2020-12-11,118.9393310546875,119.27940607418536,117.13206676469383,118.95876073591047,86939800
2020-12-14,118.32718658447266,119.85267228564851,118.09399334838469,119.12393693642923,79184500
2020-12-15,124.25422668457031,124.27366377761385,120.61055011219938,120.81459511068267,157243700
2020-12-16,124.18621826171875,124.73033828648967,122.97165933994127,123.79756533721344,98208600
2020-12-17,125.05098724365234,125.90604149372504,124.40969655609783,125.24531371153455,94359800
2020-12-18,123.06883239746094,125.43965383144652,122.54414204339464,125.3036238225863,192541500
2020-12-21,124.59429931640625,124.67203286094654,119.94982751976666,121.47531311924551,121251600
2020-12-22,128.14080810546875,130.599073771845,125.9740246713456,127.8784592702847,168904800
2020-12-23,127.24691772460938,128.67522539994948,127.07201352740594,128.41289134338277,88223700
2020-12-24,128.22828674316406,129.67604646021374,127.38295839338778,127.59672197110412,54930100
2020-12-28,132.81443786621094,133.44600251933943,129.72459253226933,130.19099379190865,124486200
2020-12-29,131.0460968017578,134.8549533162403,130.53112480019288,134.13594363731207,121047300
2020-12-30,129.9286346435547,132.13427742745725,129.6177004950943,131.735898609551,96452100
2020-12-31,128.92787170410156,130.91975146585497,127.9853727167279,130.27846074381847,99116600
2021-01-04,125.7408676147461,129.82178288641367,123.1660010540864,129.73433819675842,143301900
2021-01-05,127.29547119140625,128.0047841932833,124.78862009202955,125.2355842462787,97664900
2021-01-06,123.0105209350586,127.33435496235823,122.7967573877346,124.0987683518539,155088000
2021-01-07,127.20801544189453,127.89789129191489,124.23477818150717,124.72060165088172,109578200
2021-01-08,128.30601501464844,128.8695721666665,126.53761000388556,128.67523086681507,105158200
2021-01-11,125.32304382324219,126.47930629071162,124.85665734789745,125.52709624591981,100384500
2021-01-12,125.14814758300781,126.01291289609365,123.26314986487158,124.85665049211372,91951100
2021-01-13,127.17890167236328,127.72302173327904,124.8469543181073,125.1092883878033,88636800
2021-01-14,125.25504302978516,127.28578210198899,125.1092870553467,127.09145562889725,90221800
2021-01-15,123.53520965576172,126.52788445335536,123.39917965706009,125.12871028033413,111598500
2021-01-19,124.2056655883789,125.06071988412404,123.34090015787666,124.15708026227341,90757300
2021-01-20,128.28659057617188,128.7335548533042,124.90526215662156,125.01214395162096,104319500
2021-01-21,132.9893341064453,135.7099489572785,129.80233279797613,130.00638521290585,120150900
2021-01-22,135.12698364257812,135.88486727485233,131.19180950505606,132.41607964346215,114459400
2021-01-25,138.86781311035156,140.97628571065687,132.6686993609781,139.0135690829673,157611700
2021-01-26,139.1009979248047,140.20867499016745,137.36174136904043,139.52852500725305,98390600
2021-01-27,138.0321807861328,140.20867556656404,136.4289690465183,139.36333253146313,140843800
2021-01-28,133.203125,137.964205672891,132.82418314547382,135.56423565217162,142621100
2021-01-29,128.2185821533203,132.86305498594893,126.51819940588042,131.97885239900157,177523800
2021-02-01,130.3367156982422,131.54156320206033,127.2177225988055,129.95777399701672,106239800
2021-02-02,131.16262817382812,132.44519444855226,130.7933975854858,131.8816374338767,83305400
2021-02-03,130.14242553710938,131.92054165395052,129.82178018887643,131.91081569341782,89880900
2021-02-04,133.49459838867188,133.5043095225396,130.7739834636992,132.43550657690793,84183100
2021-02-05,133.08103942871094,133.7232884555335,132.20525610000038,133.6551792335879,75693800
2021-02-08,133.22702026367188,133.27567819524438,131.29054743428753,132.37068818260687,71297200
2021-02-09,132.35118103027344,134.1708861386868,132.19549648512387,132.94477197557092,76774200
2021-02-10,131.74789428710938,133.30485887781032,130.78452077617774,132.80856880476307,73046600
2021-02-11,131.49488830566406,132.72098784651604,130.17147291387968,132.24416393424985,64280000
2021-02-12,131.72840881347656,131.88410821935858,130.0936095966532,130.73585850968206,60145100
2021-02-16,129.6070556640625,132.35118706954955,129.2178071626484,131.84518629017936,80576300
2021-02-17,127.32027435302734,128.6631557746567,125.98713342468182,127.71924852152779,97918500
2021-02-18,126.2206802368164,126.50287241895496,123.98254952435698,125.72439023440656,96856700
2021-02-19,126.37638092041016,127.19379548505816,125.3351725587671,126.7364377000899,87668800
2021-02-22,122.61048889160156,126.2304187991235,122.22124775949521,124.56641277376495,103916400
2021-02-23,122.4742431640625,123.30137584564321,115.20519230196524,120.43073670834654,158273000
2021-02-24,121.97794342041016,122.18229329480948,118.94187965887112,121.57897673919867,111039900
2021-02-25,117.73526000976562,123.05811336412599,117.29736837706596,121.32599812486836,148199500
2021-02-26,117.99798583984375,121.49140765726709,117.93959485190196,119.29220185674814,164560400
2021-03-01,124.35232543945312,124.48855870917815,119.48683030882653,120.42100448300808,116307900
2021-03-02,121.75415802001953,125.25731317881322,121.6471165286429,124.95565484356455,102260900
2021-03-03,118.77647399902344,122.32828720569532,118.56239100874602,121.45249652917722,112966300
2021-03-04,116.89839172363281,120.27504677444026,115.4290174341431,118.47481493176636,178155000
2021-03-05,118.1536865234375,118.65970219404976,114.40725661331615,117.72552798386944,153766600
2021-03-08,113.22979736328125,117.74497601487798,113.08383103215061,117.67685938357114,154376600
2021-03-09,117.83253479003906,118.77644185124619,115.59441191598833,115.82795355846429,129525800
2021-03-10,116.75242614746094,118.88350799775948,116.23667741969722,118.41642461584055,111943300
2021-03-11,118.67916870117188,119.89554261056912,117.99800228157227,119.24356797692991,103026500
2021-03-12,117.774169921875,117.91040318694742,115.95447955662657,117.16112022904915,88105100
2021-03-15,120.654541015625,120.66427408423421,117.18057793774676,118.14395127784391,92403800
2021-03-16,122.19204711914062,123.79766203262986,121.36491441345117,122.31854732264155,115227900
2021-03-17,121.40384674072266,122.4742542742317,119.04894125801434,120.71294726523811,111932600
2021-03-18,117.28761291503906,119.86632656590932,117.08326303051578,119.57439391707281,121229700
2021-03-19,116.76214599609375,118.16341092060107,116.4604876842397,116.67457065039011,185549500
2021-03-22,120.07069396972656,120.5377847911862,117.024896545298,117.0930131834112,111912300
2021-03-23,119.24356079101562,120.89782623844285,118.8543196786337,120.0123099463268,95467100
2021-03-24,116.85945129394531,119.59386443754735,116.83999258124882,119.51601473844956,88530500
2021-03-25,117.34600067138672,118.3872236915313,115.7987768800299,116.32425121223295,98844700
2021-03-26,117.94933319091797,118.21207408800578,115.72093550893463,117.11246742653448,94071200
2021-03-29,118.1244888305664,119.28247903408416,117.48224734126221,118.37749665321657,80819200
2021-03-30,116.674560546875,117.16111000084517,115.66253679171842,116.87891042664381,85671900
2021-03-31,118.8640365600586,120.19717735139929,117.89093762370798,118.37748709188328,118323800
2021-04-01,119.69117736816406,120.83943448866229,119.19489479787379,120.33342627373456,75089100
2021-04-05,122.51316833496094,122.7661761594041,119.75929632134557,120.53777850848313,88651200
2021-04-06,122.8148422241211,123.71009165590245,122.26990907854241,123.09704186712644,80171300
2021-04-07,124.45938110351562,124.47883981962588,121.77362540670963,122.44506618695044,83466700
2021-04-08,126.85319519042969,126.88238697462579,125.0626964676061,125.48112193995918,88844600
2021-04-09,129.4221649169922,129.4610823431084,125.987126690143,126.3082511367721,106686700
2021-04-12,127.70951843261719,129.27620842056396,127.11592744716376,128.95508396794366,91420000
2021-04-13,130.81369018554688,131.0375136441806,128.38094270892825,128.87723269707828,91266500
2021-04-14,128.47828674316406,131.36839256751463,128.11824478906962,131.31000899099288,87222800
2021-04-15,130.88182067871094,131.36837019796266,130.04495491166549,130.22012045971883,89347100
2021-04-16,130.5509490966797,131.0472241792983,129.6946173321828,130.68718234573052,84922400
2021-04-19,131.21266174316406,131.82571884662076,129.75301328602865,129.91843832937323,94264200
2021-04-20,129.5292205810547,131.88411859918818,128.2641887932471,131.38784340823202,94812300
2021-04-21,129.90872192382812,130.15199668398512,127.76790700410929,128.7993896114448,68847100
2021-04-22,128.3907012939453,130.54124205126504,127.87495994409139,129.46110142550572,84566500
2021-04-23,130.70668029785156,131.48514771146148,128.60478264515086,128.60478264515086,78657500
2021-04-26,131.09588623046875,131.42673629598994,129.96708793224363,131.20292770440926,66905100
2021-04-27,130.77476501464844,131.7673300838562,130.5022985012677,131.3780816016613,66015800
2021-04-28,129.98654174804688,131.3878064201636,129.4999923395791,130.69689972688315,107760100
2021-04-29,129.88925170898438,133.38268843991688,128.886960916459,132.79882309453924,151101000
2021-04-30,127.92361450195312,129.96711370748065,127.54410644604702,128.23499849351802,109839500
2021-05-03,128.97450256347656,130.46335732032915,128.28361076189535,128.48795318556526,75135100
2021-05-04,124.41071319580078,127.95280060042849,123.29164779323206,127.66086791309522,137564700
2021-05-05,124.65397644042969,126.94074997232987,124.52746883053813,125.7243763335603,84000900
2021-05-06,126.2498550415039,126.25958068498952,123.71005892640017,124.44961615985031,78128300
2021-05-07,126.92244720458984,127.94592476658238,126.21086763240989,127.54628780481441,78973300
2021-05-10,123.64727783203125,126.26935540308767,123.60828686336556,126.14264776926625,88071200
2021-05-11,122.73101043701172,123.0819142652862,119.67028275042819,120.38185488141869,126142800
2021-05-12,119.67028045654297,121.49306907963458,119.1634127705143,120.28437887697672,112172300
2021-05-13,121.81472778320312,122.9649351494112,121.1226549308662,121.43457519440912,105861300
2021-05-14,124.23213195800781,124.66102519199373,122.67253033910511,123.06243260302256,81918000
2021-05-17,123.08192443847656,123.72526428981506,122.00969878967952,123.61804098125864,74244600
2021-05-18,121.6977767944336,123.78374532662899,121.62954445690447,123.36460169987382,63342900
2021-05-19,121.54182434082031,121.76601312715728,119.75802646818856,120.05045503106065,92612000
2021-05-20,124.09564971923828,124.49530152830624,121.94144912599474,122.06817161997536,76857100
2021-05-21,122.26313018798828,124.76824225453443,122.04868358173061,124.59278661639331,79295400
2021-05-24,123.89096069335938,124.70975612799803,122.76025239580743,122.82848472896345,63092900
2021-05-25,123.6960220336914,125.08017543327662,123.1306641265909,124.59279202902988,72009500
2021-05-26,123.64727783203125,124.17364475386753,123.22813421483384,123.75450113667013,56575900
2021-05-27,122.11691284179688,124.41732784538095,121.92196544288971,123.24762857840483,94625600
2021-05-28,121.46382904052734,122.6237861257757,121.40534630909178,122.3995899273286,71311100
2021-06-01,121.14216613769531,122.18515038351808,120.8107540580726,121.9219706400981,67637100
2021-06-02,121.90245819091797,122.07791381305455,120.91796422365286,121.14215297391479,59278900
2021-06-03,120.42086029052734,121.69778300232346,120.02120840977952,121.5320769508381,76229200
2021-06-04,122.71151733398438,122.97470451422886,120.72302254551224,120.93746915555829,75169300
2021-06-07,122.72126770019531,123.1306617200527,121.67828344764422,122.98444744531308,71057600
2021-06-08,123.5400619506836,125.21664395698274,123.02344459916287,123.40359727053726,74403800
2021-06-09,123.92021942138672,124.52456834027448,123.32562010482052,123.99820136642403,56877900
2021-06-10,122.92596435546875,124.95345011953233,122.76025831506651,123.81298472926724,71186400
2021-06-11,124.13465118408203,124.22238272093318,122.91621132668672,123.33535493510138,53522400
2021-06-14,127.18562316894531,127.24410590291394,123.8617230721818,124.59278699385679,96906500
2021-06-15,126.3668441772461,127.30261260822043,126.12315618593904,126.65927274152149,62746300
2021-06-16,126.86395263671875,127.58527439037435,125.2166344350542,127.07839924257492,91815000
2021-06-17,128.46255493164062,129.20337594415264,126.37658632134162,126.52280804022224,96721700
2021-06-18,127.1661376953125,128.18961527761795,126.95169109033546,127.40982566701065,108953300
2021-06-21,128.9596710205078,129.066894317528,125.94769141357571,127.01016734634604,79663300
2021-06-22,130.5972442626953,130.6947253937975,128.29682937988724,128.79396232556323,74783600
2021-06-23,130.32431030273438,130.9286665216875,129.8661757752273,130.39255006678223,60214200
2021-06-24,130.04165649414062,131.240597184488,129.5737648661965,131.05539194095186,68711000
2021-06-25,129.74923706054688,130.50954241745376,129.4568084909208,130.09040620403312,70783700
2021-06-28,131.3770751953125,131.8352098315601,129.98318695524438,130.04166969629122,62111300
2021-06-29,132.88790893554688,133.043872786454,130.95790461954863,131.39653993588485,64556100
2021-06-30,133.50201416015625,133.94064949902392,132.43952338561445,132.73195190270366,63261400
2021-07-01,133.80418395996094,133.86266668828733,132.33229922059724,133.15110203776288,52485800
2021-07-02,136.42623901367188,136.4652225329,134.27203145647837,134.41823824549493,78852600
2021-07-06,138.4342803955078,139.53574001915328,136.53351700878477,136.53351700878477,108181800
2021-07-07,140.91989135742188,141.23180423568894,139.0581116318865,139.91588320227135,104911600
2021-07-08,139.62350463867188,140.42279367497855,137.11838445022283,138.00541248474633,105575500
2021-07-09,141.44625854492188,141.97261806281588,139.04836216143113,139.1458433075578,99890800
2021-07-12,140.85165405273438,142.62570970674338,140.364278087154,142.51848639937432,76299700
2021-07-13,141.96286010742188,143.7369156295679,140.00361422588887,140.39350901995923,100827100
2021-07-14,145.38421630859375,145.7936251287686,143.95133005857537,144.36073887875023,127050800
2021-07-15,144.73114013671875,146.21276700697837,143.37623575739534,145.47196100861444,106820300
2021-07-16,142.69390869140625,145.9788173432772,142.19679065127386,144.7116519617399,93251400
2021-07-19,138.8533935546875,140.43250161447835,138.09308832622733,140.1205738932986,121434600
2021-07-20,142.45999145507812,143.38601770583355,139.35054523026795,139.83792120496685,96350000
2021-07-21,141.7289276123047,142.4405072449087,140.97837931958148,141.85565012536404,74993500
2021-07-22,143.09361267089844,144.45825967498962,142.12860272787458,142.2553252616605,77338200
2021-07-23,144.80914306640625,144.9651069434816,143.2105505102186,143.82464898024415,71447400
2021-07-26,145.228271484375,146.04705940106285,143.97083337261068,144.52644902049065,72434100
2021-07-27,143.06431579589844,145.44271240050767,141.8751174935938,145.35497344078965,104818600
2021-07-28,141.3195037841797,143.25926511063363,138.9411071473103,141.1537977724019,118931200
2021-07-29,141.96286010742188,142.8498878684949,140.92962551695572,141.03684881635502,56699500
2021-07-30,142.17730712890625,142.63544169374407,140.47149137109437,140.73467853831747,70440600
2021-08-02,141.84591674804688,143.2398049839172,141.58272954059322,142.66470486730785,62880000
2021-08-03,143.63943481445312,144.30225894055675,141.51446802349406,142.12856645538005,64786600
2021-08-04,143.23977661132812,144.05856456840556,142.5866946784069,143.55170433223327,56368300
2021-08-05,143.34703063964844,144.10733603044793,142.4795019309908,143.2690486927029,46397700
2021-08-06,142.66366577148438,143.61059289976055,142.16580285802874,142.86867690985883,54126800
2021-08-09,142.6148681640625,143.21035833317768,142.05843483321482,142.72225212556916,48908700
2021-08-10,142.1365203857422,144.19632898598317,141.84365370926938,142.95653516321173,69023100
2021-08-11,142.39031982421875,143.22986295766566,142.0681679932176,142.57580253562702,48493500
2021-08-12,145.34828186035156,145.50447943892834,142.3708306879483,142.71251102910742,72282600
2021-08-13,145.5532684326172,145.88517705910473,144.7430103885552,145.42635605950554,59375000
2021-08-16,147.5252227783203,147.59356480078714,142.9858407795006,145.00659283395282,103296000
2021-08-17,146.61732482910156,148.07187159409528,145.5434853619502,146.65636676617194,92229700
2021-08-18,142.87847900390625,147.13476660342323,142.6734678004844,146.23665278463994,86326000
2021-08-19,143.21031188964844,144.47939059702847,141.06264825182848,141.58003947243648,86960300
2021-08-20,144.6649169921875,144.96754045087513,143.28845394220284,143.93275769698107,60549600
2021-08-23,146.14874267578125,146.6173203855108,144.3720292286724,144.78203658666285,60131800
2021-08-24,146.0608673095703,147.27137582254224,145.6020463753851,145.8949130199866,48606400
2021-08-25,144.83087158203125,146.74425443123712,144.28419502392072,146.24637657624294,58991300
2021-08-26,144.0303955078125,145.57281315038713,144.00111032248313,144.82114019917077,48597200
2021-08-27,145.06515502929688,145.21158091727293,143.33725507209095,143.97178711441077,55802400
2021-08-30,149.47763061523438,149.83883931473636,145.07491826892314,145.45564049048158,90956700
2021-08-31,148.21832275390625,149.16524992421503,147.6911597437249,149.0285807911714,86453100
2021-09-01,148.88214111328125,151.29338682527435,148.71618680019012,149.19453621732464,80313700
2021-09-02,149.99501037597656,151.03956466217258,148.77474502994417,150.20977826854366,71115500
2021-09-03,150.6295623779297,150.9517142276546,149.44833892893834,150.10239938899159,57808700
2021-09-07,152.96270751953125,153.51914078415754,150.71741625258127,151.2836211735212,82278300
2021-09-08,151.4203338623047,153.3044169914946,150.31720888036796,153.2458466200328,74420200
2021-09-09,150.40504455566406,152.39651120399355,150.28788894400816,151.79126431107525,57305700
2021-09-10,145.42633056640625,151.7814665359228,145.16274910531013,151.3128888573864,140893200
2021-09-13,145.9925537109375,147.81806596111582,145.21158088499752,147.04686479158386,102404300
2021-09-14,144.59657287597656,147.4764113119793,143.41536423851278,146.77353720711707,109296300
2021-09-15,145.4849395751953,145.88519025288556,142.88821089491876,145.0261185341006,83281300
2021-09-16,145.25059509277344,145.42632102057476,143.71794980690362,144.9089297875281,68034100
2021-09-17,142.58555603027344,145.27991132028194,142.29268938190515,145.27991132028194,129868800
2021-09-20,139.53977966308594,141.39457695669392,137.90950701335717,140.37932278347847,123478900
2021-09-21,140.0181427001953,141.16032435989862,139.38361057442205,140.50624891873463,75834000
2021-09-22,142.38055419921875,142.94674416241062,140.28168904837355,141.0138481925674,76404300
2021-09-23,143.33721923828125,143.58127225444073,142.1755244980319,143.16149332082315,64838200
2021-09-24,143.4250946044922,143.96201429353556,142.09744541695585,142.19507259526048,53477900
2021-09-27,141.91197204589844,142.48794860245857,140.39885495340664,142.00959923062172,74150700
2021-09-28,138.5343017578125,141.30674132874793,138.31953384357482,139.8424227657557,108972300
2021-09-29,139.43238830566406,141.01384728022984,138.65141557774692,139.08095132289213,74602000
2021-09-30,138.13404846191406,140.9455448156453,137.9192805517919,140.2426707272125,89056700
2021-10-01,139.2566680908203,139.5202495626883,135.80088336468526,138.52450892126643,94639600
2021-10-04,135.8302001953125,138.82717957779718,134.98090012736012,138.3878720570302,98322000
2021-10-05,137.75331115722656,138.8564357660988,136.04493972017434,136.17185207930245,80861100
2021-10-06,138.62213134765625,138.76855721821823,135.0784763218966,136.15231569207103,83221100
2021-10-07,139.88145446777344,140.7893396562003,139.32502120039112,139.65692980871162,61732700
2021-10-08,139.50070190429688,140.75025218963773,139.16879336821262,140.60382633425183,58773200
2021-10-11,139.41287231445312,141.36529686032225,138.43666004151856,138.88572424122802,64452200
2021-10-12,138.143798828125,139.84241361250955,137.68497785008697,139.82288519545196,73035900
2021-10-13,137.5580596923828,138.03639411972742,135.88873033671427,137.8802114942071,78762700
2021-10-14,140.3402862548828,140.45744186952987,138.1438084019397,138.72954178771872,69907100
2021-10-15,141.3946075439453,141.45317790755652,140.09624319922384,140.35006796929892,67940300
2021-10-18,143.06390380859375,143.34699879821167,139.75454497889402,140.03763996851194,85589200
2021-10-19,145.2213592529297,145.62160993395176,143.06393807186709,143.51298745891924,76378900
2021-10-20,145.70947265625,146.1878221446277,144.59659100003023,145.16279603857302,58418800
2021-10-21,145.9241943359375,146.08039186170322,144.35249211048287,145.2701339545865,61421000
2021-10-22,145.15296936035156,146.6075157540991,145.1041557796094,146.12918139194093,58883400
2021-10-25,145.10421752929688,145.8168484447923,144.1084766625064,145.14325947301697,50720600
2021-10-26,145.76803588867188,147.2518679421637,145.46539754636262,145.77779264971988,60893400
2021-10-27,145.30921936035156,146.16827612937263,144.9577823061733,145.80708231384622,56094900
2021-10-28,148.9407196044922,149.52643805425132,146.1585085567286,146.256135746264,100077900
2021-10-29,146.2366180419922,146.373287179863,142.92725865743117,143.7179883048137,124953200
2021-11-01,145.4166259765625,146.13901372017423,144.2842158593394,145.44591116098886,74588300
2021-11-02,146.45138549804688,147.96451766703325,145.11396440756303,145.12373606469237,69122000
2021-11-03,147.8863983154297,148.35497602206758,146.25612565424197,146.8125588879088,54511500
2021-11-04,147.36900329589844,148.80402155525002,147.05660823548425,147.97425010568048,60394600
2021-11-05,147.89695739746094,148.7963818494452,146.70423879606528,148.49331669815876,65463900
2021-11-08,147.07571411132812,148.18044870579655,146.80197694204415,148.02402320404659,55020900
2021-11-09,147.43746948242188,148.04359979638906,146.7042415538898,146.84111017051336,56787900
2021-11-10,144.61209106445312,146.77267581374304,144.54366421842147,146.6651351263565,65187100
2021-11-11,144.5631866455078,146.0882980655143,144.37743321812488,145.62882237351127,41000000
2021-11-12,146.6358184814453,147.03663842202138,144.18193940351156,145.11069182006318,63804000
2021-11-15,146.6455841064453,148.48354686753203,146.08832372641191,147.00730510695527,59222800
2021-11-16,147.62318420410156,148.1022316953491,146.00030323462437,146.58689139053743,59256200
2021-11-17,150.05751037597656,151.53373689410836,147.61341784542643,147.62318884522813,88807000
2021-11-18,154.3395538330078,155.12166644396783,149.62735108476016,150.27259510761894,137827700
2021-11-19,156.9596405029297,157.41913113659675,153.02953515610952,154.12448394226502,117305600
2021-11-22,157.41909790039062,161.99443143444842,157.39954098546454,158.064326917399,117467900
2021-11-23,157.80038452148438,158.18166233731603,155.50293170970644,157.5168614506406,96041900
2021-11-24,158.3185272216797,158.51405162465102,156.06995929361992,157.15513688529995,69463600
2021-11-26,153.30325317382812,156.8618512011978,152.86331951425362,156.0015407986573,76959800
2021-11-29,156.6565704345703,157.58532267329434,155.2389847402696,155.8060160344783,88748200
2021-11-30,161.60340881347656,161.8184901598309,156.34371666317804,156.41215841772612,174048100
2021-12-01,161.08526611328125,166.49159798116264,160.85062784337472,163.7346542506034,152052500
2021-12-02,160.09780883789062,160.52797144851237,154.27110143280012,155.190082479573,136739200
2021-12-03,158.2207489013672,161.27098610748033,156.14816349171144,160.3520050545032,118023100
2021-12-06,161.62294006347656,164.12568814988214,160.60618932990224,160.61596032861834,107497000
2021-12-07,167.3518829345703,167.74294665807957,164.57539762665544,165.29885432698077,120405400
2021-12-08,171.16470336914062,172.02502878126478,166.88264814477856,168.2806769394803,116998900
2021-12-09,170.65634155273438,172.7973693361273,170.03065436230736,170.9985205283445,108923700
2021-12-10,175.43695068359375,175.61293309472177,170.78340409261324,171.29177949219212,115402700
2021-12-13,171.8099822998047,178.05708397110837,171.60467190567383,177.06966076335496,153237000
2021-12-14,170.43150329589844,173.76524989300478,168.35891710300444,171.3309277742781,139380400
2021-12-15,175.29031372070312,175.48583813344078,168.45662585148168,171.1940123824784,131063300
2021-12-16,168.40774536132812,177.08916675225177,166.9315188519041,175.27076132354634,150185800
2021-12-17,167.3128204345703,169.59071677301714,165.89524955752734,166.12987292514003,195432700
2021-12-20,165.9539031982422,166.76534380811088,163.71512072913166,164.51677542044033,107499100
2021-12-21,169.12142944335938,169.3267248588515,165.33796412188073,167.72340078083394,91185900
2021-12-22,171.71217346191406,171.9272548095711,168.300214735498,169.17031112645324,92135300
2021-12-23,172.33787536621094,172.8951357013555,171.35046721642092,171.9174985527305,68356600
2021-12-27,176.2973175048828,176.38530127238838,173.11022561335014,173.12976761664484,74919600
2021-12-28,175.28054809570312,177.2749361221624,174.5375492742612,176.1311025117923,79144300
2021-12-29,175.36854553222656,176.59059189162147,174.15627017338588,175.31966069433915,62348900
2021-12-30,174.21493530273438,176.53194546765312,174.10739462067014,175.45653864701075,59773000
2021-12-31,173.59901428222656,175.22188041192248,173.29593427269404,174.1073747963206,64062300
2022-01-03,177.93972778320312,178.79028222604728,173.73590007898758,173.85321176039008,104487900
2022-01-04,175.68138122558594,178.84893075193062,175.1143499260673,178.54586564233023,99310400
2022-01-05,171.00828552246094,176.14088047095728,170.7345483186125,175.5934060632604,94537600
2022-01-06,168.15357971191406,171.3797850968752,167.80162976232634,168.83792269234627,96904000
2022-01-07,168.31979370117188,170.24574016447164,167.20528789803654,169.02369367342152,86709100
2022-01-10,168.33934020996094,168.64240533418686,164.40923476090865,165.29888813158135,106765600
2022-01-11,171.16470336914062,171.26245812752686,166.99997473942338,168.46643037323963,76138300
2022-01-12,171.60464477539062,173.21774007794218,170.91053076473975,172.18144710369126,74805200
2022-01-13,168.33934020996094,172.6702655459411,167.94827640647682,171.84905393496265,84505800
2022-01-14,169.19964599609375,169.89375992557677,167.26391395832079,167.50832321300913,80440800
2022-01-18,166.0027618408203,168.68147761318977,165.62148401611884,167.6745127192973,90956700
2022-01-19,162.5126190185547,167.25416515581253,162.22911080921511,166.19831524532339,94815000
2022-01-20,160.83106994628906,165.8854518373375,160.50844792121475,163.24583471657064,91420500
2022-01-21,158.77806091308594,162.61039693927614,158.6705202245997,160.74310631081485,122848900
2022-01-24,158.00570678710938,158.67050778679211,151.24045969712583,156.44149634340394,162294600
2022-01-25,156.20684814453125,159.1202024043847,153.5085752311325,155.4247355135648,115798400
2022-01-26,156.118896484375,160.71378862428045,154.2907195812304,159.84369205931444,108275300
2022-01-27,155.6593780517578,160.1760566161972,154.74039680395836,158.8171416631375,121954600
2022-01-28,166.52093505859375,166.54049197821774,159.15932862262193,162.00425626677838,179935700
2022-01-31,170.8714141845703,171.0864955438015,165.71926239899202,166.35473547583268,115541600
2022-02-01,170.70518493652344,170.93003725349797,168.4566170141108,170.11859681152686,86213900
2022-02-02,171.90771484375,171.94682868403083,169.45385093947993,170.84209391826516,84914300
2022-02-03,169.03346252441406,172.29878204430065,168.27090671710556,170.57813105955574,89418100
2022-02-04,168.7495880126953,170.4234840013588,167.07569202403184,168.05457472378333,82465400
2022-02-07,168.0349884033203,170.27662295458384,167.3399751947351,169.20964451994723,77251200
2022-02-08,171.13807678222656,171.6471000057892,167.80986639624405,168.1035342150904,74829200
2022-02-09,172.55743408203125,172.91961588647231,171.20657123174874,172.3322952525055,71285000
2022-02-10,168.4852752685547,171.7743215374217,167.92731993059743,170.4626223841964,90865900
2022-02-11,165.0787353515625,169.42497580838133,164.49139990842886,168.69081397274465,98670700
2022-02-14,165.31370544433594,165.99892030677,163.04269054419584,163.83558309476697,86185500
2022-02-15,169.14111328125,169.29773807776493,166.654758116967,167.35955476472148,62527400
2022-02-16,168.9061737060547,169.67948428764964,166.45896752351715,168.22095896225642,61177400
2022-02-17,165.31370544433594,168.27971865617212,164.91235997613748,167.4182971510757,69589300
2022-02-18,163.76707458496094,166.93864489391834,162.68051421778296,166.23386310925557,82772700
2022-02-22,160.85000610351562,163.16995323151656,158.72581758393332,161.49605730830203,91162800
2022-02-23,156.68975830078125,162.6413518716535,156.37650867254357,162.04423283731927,90009200
2022-02-24,159.30335998535156,159.4110376690062,148.79015546543386,149.35790916683425,141147500
2022-02-25,161.36883544921875,161.63312305071847,157.472871153436,160.3801542624622,91974200
2022-02-28,161.63311767578125,161.92678549313706,158.99992064321486,159.61662156600548,95056600
2022-03-01,159.75367736816406,163.08188800417662,158.54965565066482,161.2220016361372,83474400
2022-03-02,163.04269409179688,163.82580321014547,159.50892707803538,160.91852050375005,79724800
2022-03-03,162.7196502685547,165.3430634011942,162.05401727070716,164.91235266773373,76678400
2022-03-04,159.72425842285156,162.05400359179123,158.67686189722227,161.01639051416453,83737200
2022-03-07,155.93601989746094,161.5352302369313,155.68150083148916,159.91028134097652,96418800
2022-03-08,154.1152801513672,159.44040392728598,152.50991327214726,155.46614292973925,131148300
2022-03-09,159.5089111328125,159.959203685233,156.04367342146804,158.06995256595388,91454900
2022-03-10,155.17250061035156,157.00300660733848,152.6861300144377,156.81701649151432,105342000
2022-03-11,151.46250915527344,155.91642822664025,151.23737032666907,155.57381332247203,96970100
2022-03-14,147.43930053710938,150.86538982544317,146.9302923114544,148.25177493215907,108732100
2022-03-15,151.81488037109375,152.2847547162285,147.204352250739,147.7133603864597,92964300
2022-03-16,156.21990966796875,156.62125521924412,151.1982508293672,153.73355381345266,102300200
2022-03-17,157.22816467285156,157.60014494995056,154.30131439746998,155.2606154453612,75615400
2022-03-18,160.5171661376953,161.0066074424884,156.3862803303168,157.1204422875064,123511700
2022-03-21,161.8876495361328,162.8371670898303,159.56768703876222,160.0571284608097,95811400
2022-03-22,165.25497436523438,165.84229498697943,161.42753966012307,162.01486028186812,81532000
2022-03-23,166.61558532714844,168.99426246742138,164.1096337544523,164.44246513312697,98062700
2022-03-24,170.39407348632812,170.46258749011093,166.61558667077662,167.44762778277175,90131400
2022-03-25,171.0303497314453,171.5785215356228,169.10195003253148,170.2080920251791,80546200
2022-03-28,171.8917999267578,172.0190445148475,168.36781639958284,168.53422465828777,90371900
2022-03-29,175.1808624267578,175.22979461470234,172.61617948078282,172.95879441578631,100589400
2022-03-30,174.01596069335938,175.8171010585222,172.96854916161706,174.77948791199498,92633200
2022-03-31,170.92269897460938,174.27047582290578,170.7171270473916,174.08448573079536,103049300
2022-04-01,170.62905883789062,171.18702920461877,168.3091113767006,170.35497284823808,78751300
2022-04-04,174.67181396484375,174.72076108227714,170.75628355518236,170.8835430731966,76468400
2022-04-05,171.3631591796875,174.5347436924903,170.7366750096159,173.75163474576064,73401800
2022-04-06,168.20138549804688,169.96337702443967,166.53728819844997,168.72019203962893,89058800
2022-04-07,168.50486755371094,169.69910564386342,166.26323274049562,167.54556668896316,77594700
2022-04-08,166.49815368652344,168.15246782773184,165.62694868711696,168.15246782773184,76575500
2022-04-11,162.2498016357422,165.4605355802755,162.00508096962494,165.14730089465874,72246700
2022-04-12,164.11947631835938,166.28279871101802,163.12101178667447,164.47187468621496,79265200
2022-04-13,166.8015899658203,167.42807423573976,163.24825626550125,163.8551587010773,70618900
2022-04-14,161.7995147705078,167.6532440657547,161.55479409572018,167.01696134936807,75329400
2022-04-18,161.58419799804688,163.08188755230427,160.1158737341422,160.45847376711322,69023900
2022-04-19,163.8649444580078,164.2760883021938,160.44865367684753,161.53521398147984,67723800
2022-04-20,163.69851684570312,165.31368193809578,162.59238977382873,165.19620588083708,67929800
2022-04-21,162.9056854248047,167.90777748771538,162.40646053829403,165.34310914814608,87227800
2022-04-22,158.37342834472656,164.3250370614869,158.08955892864606,162.94482378114378,84882400
2022-04-25,159.4404296875,159.72429911751857,155.11376965466397,157.71758646013552,96046400
2022-04-26,153.48875427246094,158.91175587715887,153.41044189268345,158.82366005111888,95623200
2022-04-27,153.26365661621094,156.41564486229873,152.0987839265491,152.61759051221244,88063200
2022-04-28,160.18434143066406,161.0457628626786,155.57379800357486,155.88704759214835,130216800
2022-04-29,154.32086181640625,162.6903124384376,153.9293146853147,158.42238298865084,131747600
2022-05-02,154.6243438720703,154.88863149119723,150.03338084701502,153.40074029125887,123055300
2022-05-03,156.1121826171875,157.31621889046943,153.01892515604405,154.8102670522691,88966500
2022-05-04,162.51412963867188,162.96440737050813,155.89687222909777,156.29821776928353,108256500
2022-05-05,153.4594268798828,160.61505617925764,151.6778534074066,160.38991736716943,130525300
2022-05-06,154.18487548828125,156.3023722983105,151.14587460582203,152.93986371222095,116124600
2022-05-09,149.06759643554688,152.76341048572758,148.50882129057032,151.8811126841976,131577900
2022-05-10,151.46937561035156,153.65550196924158,149.92046680625165,152.45950928453797,115366700
2022-05-11,143.6170196533203,152.3908891933398,142.94059580220576,150.4792663261752,142689800
2022-05-12,139.7545623779297,143.32293029647687,136.0685607235715,139.96043637411066,182602000
2022-05-13,144.2150115966797,145.18553469561974,140.2937279042498,141.74459868206603,113990900
2022-05-16,142.67587280273438,144.61691862288893,141.34263600841436,142.68568558350242,86643800
2022-05-17,146.30308532714844,146.82265416778552,143.79345144967377,145.93055862687706,78336300
2022-05-18,138.04876708984375,144.46005783667513,137.14685888931075,143.96009966859182,109742900
2022-05-19,134.64707946777344,138.87226008655338,133.91183880440775,137.12729010884627,136095600
2022-05-20,134.88233947753906,137.93113785871375,130.00034593006458,136.3528207232791,137426100
2022-05-23,140.29371643066406,140.4407585737006,134.941158046499,135.07840236616943,117726300
2022-05-24,137.5978546142578,139.17617200488684,134.62748321427134,138.03899606760518,104132700
2022-05-25,137.75469970703125,138.99969650386015,135.61759232548434,135.7058176181396,92482700
2022-05-26,140.95054626464844,141.49952360823445,134.44121569632296,134.68629593603174,90601500
2022-05-27,146.69520568847656,146.73441193920726,142.4013957458045,142.5288422380691,90978500
2022-05-31,145.91098022460938,147.69517170019813,143.95033814163904,146.1364648342796,103718400
2022-06-01,145.78350830078125,148.753879037452,144.77376414576858,146.95007745203338,74286600
2022-06-02,148.2343292236328,148.2931460840145,143.96992734384497,144.9208398093746,72348100
2022-06-03,142.51905822753906,145.05808578629097,141.6171647882395,144.0091352358549,88570300
2022-06-06,143.26409912109375,145.64628674294468,142.04849579123675,144.13658414441952,71598400
2022-06-07,145.78350830078125,146.06779474236185,141.26422895235845,141.5093091448792,67808200
2022-06-08,145.0482940673828,146.92069570984725,144.5581335933167,145.65608826850138,53950200
2022-06-09,139.83299255371094,145.0384948829892,139.72515664096548,144.18562036487367,69473000
2022-06-10,134.43141174316406,137.9899664897166,134.36278209908923,137.51941663931075,91437900
2022-06-13,129.28475952148438,132.53941799813305,128.85341581720851,130.2552678975913,122207100
2022-06-14,130.1473846435547,131.25515193955982,128.8925752102517,130.51011351307002,84784300
2022-06-15,132.76486206054688,134.63727870714717,129.55922325217023,131.64729675078482,91533000
2022-06-16,127.50052642822266,129.78467578709342,126.50059498012912,129.48077871917013,108123900
2022-06-17,128.97103881835938,130.46113104749855,127.25547692933145,127.51036998343507,134520300
2022-06-21,133.19618225097656,134.36276639582726,130.6963761788774,130.7943992837295,81000500
2022-06-22,132.6864471435547,135.04900927487205,131.2747825760473,132.13745484401576,73409200
2022-06-23,135.54898071289062,135.86267563561398,132.96093402675356,134.1275183400123,72433800
2022-06-24,138.87228393554688,139.1173641987572,137.01947774401722,137.14690930909833,89116800
2022-06-27,138.87228393554688,140.666273257268,138.1958600157244,139.8918112487565,70207900
2022-06-28,134.73532104492188,140.59763645444562,134.61768731128618,139.33302894232776,67083400
2022-06-29,136.4900360107422,137.90170009976305,133.9804176118187,134.7548792799508,66242400
2022-06-30,134.0294952392578,135.6470189893978,131.13755113159218,134.54906419941244,98964500
2022-07-01,136.19598388671875,136.3038197907336,132.9903451154339,133.36285690870372,71051600
2022-07-05,138.7742156982422,138.82323473193733,134.2353254229341,135.05880629688934,73353800
2022-07-06,140.1074676513672,141.28384979355582,138.30368070277723,138.5683715462856,74064300
2022-07-07,143.46995544433594,143.66601661315485,140.46036340026106,140.4701612232241,66253700
2022-07-08,144.14637756347656,144.64635079248632,142.1465295229667,142.40140757015126,64547800
2022-07-11,142.0190887451172,143.7542609845207,140.95054251842944,142.80334848304327,63141600
2022-07-12,142.9895782470703,145.5286052761855,142.19552087150592,142.89154019342988,77588800
2022-07-13,142.6269073486328,143.56800712971256,139.3232154144063,140.17610485424197,71185600
2022-07-14,145.54824829101562,146.01879814456234,140.4309718883509,141.244640047542,78140700
2022-07-15,147.21481323242188,147.89123716383364,145.28357952855526,146.8324886136038,76259900
2022-07-18,144.17581176757812,148.58725611818477,143.8130828380742,147.77358792071823,81420900
2022-07-19,148.02847290039062,148.25394254490203,144.01896354895925,145.0090823866063,82982400
2022-07-20,150.02830505371094,150.6949310490213,147.41085002655058,148.14609070693865,64823400
2022-07-21,152.29286193847656,152.50853373902038,148.94996398855773,151.45958316742,65086600
2022-07-22,151.0576629638672,153.2045683993023,150.39105184778396,152.33208328648058,66675400
2022-07-25,149.94007873535156,151.9889458272938,149.28326552705713,150.97921649648936,53623900
2022-07-26,148.61663818359375,150.0773065915356,147.83237855759032,149.2636385384265,55138700
2022-07-27,153.70449829101562,154.23387992265205,149.16562296270044,149.57735592146827,78620700
2022-07-28,154.2535400390625,154.5378265928496,151.3713934440884,153.89081103917914,81378700
2022-07-29,159.3119659423828,160.4099356728857,156.36120501340108,158.06696899861157,101786900
2022-08-01,158.33163452148438,160.37070393464464,157.72384030664722,157.84147403635484,67829400
2022-08-02,156.8611297607422,159.2139087149108,156.48861801917639,156.94937000342367,59907000
2022-08-03,162.8607177734375,163.311657015849,157.58658648416494,157.67481177613547,82507500
2022-08-04,162.5470428466797,163.89989078177408,161.19419491158527,162.74310407937853,55474100
2022-08-05,162.32122802734375,162.81206933981917,160.01426786699392,160.22042780912037,56697000
2022-08-08,161.84999084472656,164.7361398246356,161.19226535966965,163.32251461167718,60276900
2022-08-09,161.89913940429688,162.7826629873222,160.25973078581006,161.0156308005636,63135500
2022-08-10,166.1399688720703,166.23812814464867,163.8428202002786,164.60853143111325,70170500
2022-08-11,165.40367126464844,167.85787723936662,165.10916355182533,166.9449048275435,57149200
2022-08-12,168.94757080078125,169.01628078921996,166.29701596444957,166.70933581222894,68039400
2022-08-15,170.01763916015625,170.21397271578905,168.2113464814704,168.37823075272277,54091700
2022-08-16,169.8605499267578,170.52810192661653,168.51564947224608,169.61512926108554,56377100
2022-08-17,171.35269165039062,172.92337473871223,169.40896440067246,169.6052979143018,79542000
2022-08-18,170.9600067138672,171.69626861182405,169.94887490568271,170.5673396933382,62290100
2022-08-19,168.3782196044922,170.55755638009072,168.17205964818893,169.86055507755876,70346300
2022-08-22,164.50051879882812,166.74856479243974,164.0783875985378,166.58168059023137,69026800
2022-08-23,164.16677856445312,165.6196796113523,163.5974008535258,164.0195321647684,54147100
2022-08-24,164.46128845214844,165.03066617037743,163.2047358944321,164.25514348994625,53841500
2022-08-25,166.9154815673828,167.02346724627097,165.2662620854037,165.688378388784,51218200
2022-08-26,160.6228790283203,167.91678748247466,160.56398047750997,167.44558409670634,78961000
2022-08-29,158.42393493652344,159.91608162954805,156.89251255304256,158.19813716461735,73314000
2022-08-30,155.9992218017578,159.58235813245375,154.83101683968195,159.1602417064485,77906200
2022-08-31,154.3401336669922,157.63858767600124,154.2615972644816,157.3735291899389,87991100
2022-09-01,155.0666046142578,155.51817026416148,151.836860169279,153.77077627080038,74229900
2022-09-02,152.9559326171875,157.42259054092534,152.1313229947609,156.82376367669738,76957800
2022-09-06,151.6994171142578,154.21252227519972,150.87480729194033,153.60388383195894,73714800
2022-09-07,153.10324096679688,153.80022729759784,150.79628062278962,151.9841232844313,87449600
2022-09-08,151.6306915283203,153.49588236025656,149.88328282837716,151.80738719524012,84923800
2022-09-09,154.4873809814453,154.92915012061422,151.91537744584716,152.62219009337275,68028800
2022-09-12,160.43637084960938,161.2511691580026,156.38203213199495,156.6667134786447,104956000
2022-09-13,151.0220489501953,157.59931943362142,150.56065692569356,156.97104316313002,122656600
2022-09-14,152.46511840820312,154.22233860679495,150.79626102566698,151.95463927472932,87965400
2022-09-15,149.57896423339844,152.39640331677907,148.6071081028978,151.81719923234522,90481100
2022-09-16,147.93954467773438,148.5776472684102,145.65222273370736,148.44021232229758,162278800
2022-09-19,151.65032958984375,151.72886599832884,146.36888718799335,146.5750321533895,81474200
2022-09-20,154.0259552001953,155.18434816600967,150.27593640081182,150.5900669645568,107689800
2022-09-21,150.90423583984375,155.83228620825895,150.78643873263653,154.45792171393398,101696800
2022-09-22,149.94223022460938,151.6405372059972,148.1457489754599,149.58882383167358,86652500
2022-09-23,147.67449951171875,148.6954577569954,145.83875792782328,148.42058784002563,96029900
2022-09-26,148.00827026367188,150.95331767501642,146.898964278694,146.91860212230296,93339400
2022-09-27,148.9801788330078,151.88596656060932,147.20333533190674,149.94223877822546,84442700
2022-09-28,147.09532165527344,147.8806707549768,142.1869085062377,144.93562286555536,146691400
2022-09-29,139.87013244628906,144.03247205665744,138.1031007730531,143.42383363893248,128138200
2022-09-30,135.66851806640625,140.4787712884576,135.47218456289696,138.69210195416497,124925300
2022-10-03,139.84066772460938,140.44932105441077,135.16786446408517,135.67834355315813,114311700
2022-10-04,143.423828125,143.54162523892447,141.61752082886468,142.3734205948832,87830100
2022-10-05,143.7183380126953,144.68039782185656,140.39043433471556,141.43103055560152,79471000
2022-10-06,142.76611328125,144.83746445591814,142.55996829483985,143.13915751475957,68402200
2022-10-07,137.52391052246094,140.47878470691822,136.8956342636469,139.9290298735793,85925600
2022-10-10,137.84786987304688,139.29094450363405,136.03176603772727,137.84786987304688,74899000
2022-10-11,136.43423461914062,138.76083241469453,135.68816128454225,137.33738075448184,77033700
2022-10-12,135.80596923828125,137.78897231294513,135.62927355780315,136.58150689181417,70433700
2022-10-13,140.37078857421875,140.95978909716513,131.90867508719168,132.51732843397534,113224000
2022-10-14,135.84523010253906,141.87276009592642,135.65870802953629,141.66660017858484,88598000
2022-10-17,139.8014373779297,140.282452315822,137.7006369919499,138.48598615048115,85250900
2022-10-18,141.1168670654297,144.0128276023933,138.03438444661543,142.82500010106065,99136600
2022-10-19,141.22483825683594,142.2948685353432,138.9080670690917,139.09458913180654,61758300
2022-10-20,140.76345825195312,143.21766459219867,140.0370077826972,140.40024050696854,64522000
2022-10-21,144.5723876953125,145.14176534962488,140.03700430524796,140.25297565616944,86548600
2022-10-24,146.71249389648438,147.47820529483582,143.32569117619283,144.493896124247,75981900
2022-10-25,149.54953002929688,149.69679141311283,146.62411995147127,147.34074408565283,74732300
2022-10-26,146.6143035888672,149.20594507644813,145.32828678897533,148.19481318791426,88194300
2022-10-27,142.14764404296875,146.31979510961392,141.48991849585923,145.35775035197634,109180200
2022-10-28,152.88723754882812,154.61499335183578,145.11231396636444,145.4853431294892,164762400
2022-10-31,150.53121948242188,151.41474288743174,149.13723186575905,150.35452378899333,97943200
2022-11-01,147.89047241210938,152.60255171953904,146.3983256985316,152.2393339638939,80379300
2022-11-02,142.3734130859375,149.38262560122348,142.34396380900958,146.22160672381153,93604600
2022-11-03,136.33609008789062,140.1842842462697,136.2084665510831,139.45783369878677,97918500
2022-11-04,136.07058715820312,140.28898493787645,132.1373429796548,139.71866273149064,140814800
2022-11-07,136.60159301757812,136.82775039724396,133.40583154940404,134.82180210827255,83374600
2022-11-08,137.17189025878906,139.06967336647747,135.19544046730184,138.06670690734794,89908500
2022-11-09,132.619140625,136.23773265765962,132.34381476431366,136.18856411022261,74917800
2022-11-10,144.4188995361328,144.4188995361328,137.171901375878,138.88286812786214,118854000
2022-11-11,147.20166015625,147.50648417895965,141.96061049585242,143.38642351170455,93979700
2022-11-14,145.8053741455078,147.77199641885335,144.96955367768106,146.48386123047396,73374100
2022-11-15,147.53599548339844,151.02675299903876,146.0806992107757,149.67962155098414,89868300
2022-11-16,146.30685424804688,147.36883205309908,144.83188757505272,146.64119143040293,64218300
2022-11-17,148.20465087890625,148.95196191687904,143.71091192910288,143.98623783804743,80389400
2022-11-18,148.76515197753906,150.1516244369956,147.46718893347042,149.7681336507777,74829600
2022-11-21,145.5398406982422,147.86045501907074,145.25468713947097,147.65396813268248,58724100
2022-11-22,147.6736297607422,147.90962978782017,144.47786920588229,145.65785433713793,51804100
2022-11-23,148.548828125,149.29613922514196,146.84768896962234,146.95585380028717,58301400
2022-11-25,145.63821411132812,146.3953678932279,144.66473067745702,145.83487333926465,35195900
2022-11-28,141.81312561035156,144.19273663104678,140.98714790150922,142.71777000634125,69246000
2022-11-29,138.8140411376953,142.393293327039,138.00773375100172,141.88196729880755,83763800
2022-11-30,145.55955505371094,146.23804217919428,138.20439151332914,139.04019702693043,111380900
2022-12-01,145.83486938476562,146.64119170281938,144.16324348642758,145.73654727553216,71250400
2022-12-02,145.34320068359375,145.53003217962117,143.21924526160134,143.52408428382984,65447400
2022-12-05,144.1829071044922,148.4013049961633,143.33725898348703,145.3038811249747,68826400
2022-12-06,140.52499389648438,144.8417290558683,139.55151049910586,144.61557170242608,64727200
2022-12-07,138.58786010742188,140.97729872796708,137.6635453309665,139.81699890501977,69721100
2022-12-08,140.26930236816406,141.1247931057231,138.7451823842777,139.98414879173407,62128300
2022-12-09,139.7875213623047,143.14061609699272,138.5485396692002,139.9645101732408,76097000
2022-12-12,142.07861328125,142.0884409898644,138.7058487137347,140.31847817047847,70462700
2022-12-13,143.04229736328125,147.46719825510277,141.8328286540092,147.00504073940357,93886200
2022-12-14,140.82000732421875,144.2124280542218,138.80421630941913,142.9242927483946,82291200
2022-12-15,134.2219696044922,139.43352160827794,133.7598121718234,138.75503452609877,98931900
2022-12-16,132.26515197753906,135.35274779526193,131.49817062820333,134.4087776749108,160156900
2022-12-19,130.16087341308594,132.94364536804903,129.12840885731634,132.8551509782634,79592600
2022-12-20,130.092041015625,131.02618341248566,127.72225803734129,129.19722445474264,77432800
2022-12-21,133.1894989013672,134.52680273214906,130.53456166494178,130.7607190395491,85928000
2022-12-22,130.02322387695312,132.31434056379908,128.12544063659777,132.10785363301125,77852100
2022-12-23,129.6593780517578,130.21002976434445,127.47642661676507,128.73506338957282,63814900
2022-12-27,127.85991668701172,129.21689054689435,126.5717817929533,129.18739241986506,69007800
2022-12-28,123.93653869628906,128.8432592520272,123.76937760067855,127.50595548300566,85438400
2022-12-29,127.44696044921875,128.30243635978945,125.59833816334043,125.85399366425621,75703700
2022-12-30,127.76158142089844,127.78125184057714,125.30331160781724,126.26695961626481,77034200
2023-01-03,122.98271179199219,128.71540946850325,122.09773035328112,128.10576142344397,112117500
2023-01-04,124.25116729736328,126.51278539318493,122.99253053178377,124.77232087979228,89113600
2023-01-05,122.93354797363281,125.63765344479737,122.67789249421179,125.0083349534918,80962700
2023-01-06,127.4567642211914,128.11558077623516,122.80570749443298,123.90701849100518,87754700
2023-01-09,127.9779281616211,131.18353181246084,127.72227268810083,128.2925949020793,70790800
2023-01-10,128.54824829101562,129.06940194282927,125.98180587179891,128.08609090104719,63896200
2023-01-11,131.26217651367188,131.28183192855658,128.28274570808514,129.0595547117696,69458900
2023-01-12,131.18353271484375,132.0193381171801,129.24640871746402,131.6456901154858,71379600
2023-01-13,132.51101684570312,132.66835024455597,129.46276101465787,129.82658137088367,57809700
2023-01-17,133.67132568359375,134.99878678874634,131.89153482883353,132.57984966159466,63646600
2023-01-18,132.9534912109375,136.29674271738915,132.7764874230637,134.53662257229425,69672800
2023-01-19,133.0124969482422,133.9761376268957,131.53753029546903,131.84235433638028,58280400
2023-01-20,135.56910705566406,135.71661273457056,131.98002726434026,133.02233471040634,80223600
2023-01-23,138.75503540039062,140.92815961902411,135.59860004292767,135.81492969380113,81760300
2023-01-24,140.15130615234375,140.77079684177573,137.9585269717819,137.9683546796287,66435100
2023-01-25,139.49253845214844,140.05301807827476,136.49343605439017,138.53872531246566,65799300
2023-01-26,141.55746459960938,141.8426182007582,139.53183124401355,140.78064047196506,54105100
2023-01-27,143.49459838867188,144.77290596887224,140.69217042868402,140.7708371263728,70555800
2023-01-30,140.6134796142578,143.12092578303154,140.46598895897412,142.54077586673455,64015300
2023-01-31,141.88194274902344,141.93111130163894,139.9054929686203,140.31848180314623,65874500
2023-02-01,143.0029296875,144.16324461699494,138.961535368266,141.56730384751015,77663600
2023-02-02,148.302978515625,148.65695608667727,145.69719525256042,146.41500811186492,118339000
2023-02-03,151.92153930664062,154.7534795979514,145.36285717719954,145.55951636317744,154357300
2023-02-06,149.19776916503906,150.54491539574025,148.26362674506663,150.0237617823619,69858300
2023-02-07,152.06906127929688,152.63938353904294,148.12598902287087,148.12598902287087,83322600
2023-02-08,149.3845977783203,152.00020850727236,148.64711456554969,151.31189384284664,64120100
2023-02-09,148.35214233398438,151.75440537570756,147.9096553354024,151.213581264491,56007100
2023-02-10,148.71653747558594,149.04152741969745,146.95372962642622,147.19009004770194,57450700
2023-02-13,151.51336669921875,151.91712829057613,148.62785906834173,148.65740223290342,62199000
2023-02-14,150.8732452392578,151.4345954776921,148.56878800441328,149.80964612462722,61707600
2023-02-15,152.97088623046875,153.13830250713502,150.55809926068437,150.78460186711027,65573800
2023-02-16,151.3755340576172,153.95573796607766,151.02100096105386,151.17855953849067,68167900
2023-02-17,150.23312377929688,150.6762863218937,148.55894582557343,150.03616431892533,59144100
2023-02-21,146.2249298095703,149.0021077790729,146.15600076088242,147.91880821074704,58867200
2023-02-22,146.64837646484375,147.67257445822895,144.92495525403106,146.60897556488254,51011300
2023-02-23,147.13095092773438,148.0566768897737,145.0037677901394,147.810473815914,48394200
2023-02-24,144.48184204101562,144.9545478123535,143.50687229977612,144.87576101262292,55469600
2023-02-27,145.67349243164062,146.90450830369045,145.21062926158595,145.46669018028382,44998500
2023-02-28,145.1711883544922,146.81582313308783,144.5999954030627,144.81665531660641,50547000
2023-03-01,143.1030731201172,144.99391093566584,142.80762642427203,144.59999202590106,55479000
2023-03-02,143.6940155029297,144.48186861811354,141.71453248481114,142.18725337015044,52238100
2023-03-03,148.7362060546875,148.8149928448926,145.0924034132026,145.79161175732688,70732300
2023-03-06,151.49371337890625,153.926201531547,151.1293375512549,151.4543124625378,87558000
2023-03-07,149.29757690429688,151.69066400049135,148.83471383986452,151.36567408118486,56182000
2023-03-08,150.54827880859375,151.13917230662574,149.52408044265695,150.48919246419973,47204800
2023-03-09,148.30291748046875,152.19292402611515,147.94838436334126,151.22781194000862,53833600
2023-03-10,146.24464416503906,148.64758887079853,145.36816171354923,147.92868001277867,68572400
2023-03-13,148.18475341796875,150.8142012619364,145.45681830298673,145.56514829028342,84457100
2023-03-14,150.27252197265625,151.07021762009597,147.82034869008896,148.98242012042218,73695900
2023-03-15,150.66644287109375,150.92248866561948,147.64306182318006,148.89377768233683,77167900
2023-03-16,153.4830322265625,154.08376844517147,149.33696504123728,149.84907174243986,76161100
2023-03-17,152.64593505859375,154.35951419092353,151.93686886777078,153.70953434482817,98944600
2023-03-20,155.00946044921875,155.4230948668754,151.80882025865256,152.71486085947325,73641400
2023-03-21,156.8609161376953,156.9790888157361,154.1625247817563,154.93069227015488,73938300
2023-03-22,155.43295288085938,159.67749219321786,155.41325242402124,156.88062840402722,75701800
2023-03-23,156.51620483398438,159.09642316640492,155.2851895124044,156.41773262448348,67622100
2023-03-24,157.8162078857422,157.9048374069247,155.4526638252611,156.44731907052963,59196500
2023-03-27,155.87611389160156,158.32830230982592,155.47233717929535,157.5109061704178,52390300
2023-03-28,155.25564575195312,156.08289946543738,153.61101109186916,155.57079288605044,45992200
2023-03-29,158.3282928466797,158.60403911493316,156.92986104995282,156.94954647836764,51305700
2023-03-30,159.89414978027344,160.00247975071784,158.82070781762587,159.07675364456477,49501700
2023-03-31,162.3955535888672,162.4940408365555,159.45097422374334,159.9729235769942,68749800
2023-04-03,163.6462860107422,163.76445869825218,161.7259047034759,161.77514833228696,56976200
2023-04-04,163.114501953125,164.3061166832112,162.60239523685718,164.06977129650792,46278300
2023-04-05,161.2728729248047,162.54328933366952,159.34264903941414,162.2379998945446,51511700
2023-04-06,162.15919494628906,162.4546416380935,159.5395906537556,159.963052724609,45390100
2023-04-10,159.5691375732422,159.5691375732422,157.6487565719111,158.96840146235982,47716900
2023-04-11,158.3578338623047,159.8941387722609,158.0722298566841,159.88429605818737,47644200
2023-04-12,157.66848754882812,159.59871163720814,157.35334033527027,158.77147274218814,50133100
2023-04-13,163.0455322265625,163.28189260314673,158.96840964951016,159.17522685740187,68445600
2023-04-14,162.70089721679688,163.79403981032135,161.33200829581108,162.09030318280583,49386500
2023-04-17,162.72052001953125,162.8780935823025,161.53874835283094,162.5826469088669,41516200
2023-04-18,163.9416961669922,164.86742208466634,163.1341429104535,163.57732044379625,49923000
2023-04-19,165.08413696289062,165.60608642613127,163.02586725800396,163.2819281451353,47720200
2023-04-20,164.11898803710938,165.32046042282218,163.04554607797024,163.56749547193866,52456400
2023-04-21,162.51376342773438,163.92203809382642,161.99181400338804,162.54330660065614,58337300
2023-04-24,162.81903076171875,163.08493430890758,161.40089854610392,162.49404087672,41949600
2023-04-25,161.28273010253906,163.78414697340926,161.24332919160244,162.68116189989732,48714100
2023-04-26,161.2728729248047,162.76979197769046,160.32746143764658,160.58350725145092,45498800
2023-04-27,165.85226440429688,165.9999802574992,162.6811671878293,162.6811671878293,64902300
2023-04-28,167.10296630859375,167.27039764589344,165.33031595199535,165.93105213681218,55275900
2023-05-01,167.01434326171875,167.86128258741087,166.07877442017465,166.70905380019818,52472900
2023-05-02,165.9802703857422,167.76279339985444,164.99545801480568,167.50673256610264,48425700
2023-05-03,164.90684509277344,168.32414556576836,164.6212560883793,166.925713661642,65136000
2023-05-04,163.2720489501953,164.50306450874902,161.81453073644045,162.3857237588548,81235400
2023-05-05,170.9339141845703,171.65282310766082,168.1665784150509,168.3832383689214,113453200
2023-05-08,170.86495971679688,171.20965008439242,169.49607101524845,169.86044681233003,55962800
2023-05-09,169.16123962402344,170.9043468501181,168.993823309898,170.42179836441701,45326900
2023-05-10,170.92404174804688,171.38690478906514,169.28924951921832,170.39224965147537,53724500
2023-05-11,171.1111602783203,171.93839911576495,169.5551548305296,171.20964753246403,49514700
2023-05-12,170.18414306640625,171.6535334613317,168.63584185680983,171.2196142676148,45533100
2023-05-15,169.6910858154297,170.815324358024,169.09937498339835,170.76601261404946,37266700
2023-05-16,169.6910858154297,170.74628490689332,169.42481443623242,169.61219003463674,42110300
2023-05-17,170.30250549316406,170.53917778241149,168.06388478776768,169.3360585337975,57951600
2023-05-18,172.62986755371094,172.81724313624747,170.19401507639674,170.60820660461047,65496700
2023-05-19,172.7383575439453,173.95134816577144,172.5213979143073,173.95134816577144,55809500
2023-05-22,171.79161071777344,172.2945693897219,171.05197977463047,171.57465110395842,43570900
2023-05-23,169.18809509277344,170.98293990870613,168.91196743614205,170.73639628329747,50747300
2023-05-24,169.46424865722656,170.03623176135926,168.16250594092847,168.72461766792532,45143500
2023-05-25,170.598388671875,171.49579632773333,169.31635838771984,170.0264054667032,56058300
2023-05-26,173.0045928955078,173.3399036765556,170.7166757800904,170.92377905521317,54835000
2023-05-30,174.84878540039062,176.51542312806916,174.1288820495124,174.5134895983742,55964400
2023-05-31,174.7994842529297,176.870457363353,174.31625318107535,174.87838004309978,99625300
2023-06-01,177.6001739501953,177.62975798334406,174.4838587106697,175.24321733975688,68901800
2023-06-02,178.4482879638672,179.2668146743205,176.78165050926717,178.52718373632618,61996900
2023-06-05,177.09725952148438,182.39301299737724,175.57854201305094,180.1050954524954,121946500
2023-06-06,176.73236083984375,177.62976831057978,174.97695616659206,177.4818481362361,64848400
2023-06-07,175.36155700683594,178.7046879636189,174.86846975629078,175.97298038220674,61944600
2023-06-08,178.0735626220703,178.33981894141047,175.0065588784877,175.44046308150416,50214900
2023-06-09,178.4581756591797,179.71060666093933,178.13273621096323,178.99070336218668,48900000
2023-06-12,181.24900817871094,181.34763164971682,178.46800386072707,178.76385922591572,54274900
2023-06-13,180.7756805419922,181.60406367252176,179.91771337450308,180.27273686584886,54929100
2023-06-14,181.40684509277344,181.84076439721946,179.5035350184376,180.83486192307942,57462900
2023-06-15,183.43833923339844,183.94129793003785,181.23917400121888,181.4166932611595,65433200
2023-06-16,182.3634033203125,184.40479194393566,181.72239585614398,184.14837692000424,101256200
2023-06-20,182.45216369628906,183.52710548415504,181.86046794433722,181.86046794433722,49799100
2023-06-21,181.4167022705078,182.84665255889604,180.06563271508736,182.34369383727915,49515700
2023-06-22,184.41465759277344,184.46396933431626,181.13069423738702,181.19973368511316,51245300
2023-06-23,184.09909057617188,184.96692915011988,182.45218058994394,182.9847233686237,53117000
2023-06-26,182.7085723876953,185.4501365723536,182.6691169769034,184.24700235631448,48088700
2023-06-27,185.45997619628906,185.78541559077308,183.10301971608257,183.31997931240525,50730800
2023-06-28,186.633544921875,187.27455239917202,185.00636283468697,185.33178721386028,51216800
2023-06-29,186.96881103515625,187.44218560729155,186.32780365948648,186.46586748106895,46347300
2023-06-30,191.2882843017578,191.79122791985353,188.6157445714927,188.98063939826477,85213200
2023-07-03,189.79917907714844,191.19954526937022,189.10884478636748,191.10092178559267,31458200
2023-07-05,188.68479919433594,190.31198136153697,187.98460856583768,188.92148652956726,46920300
2023-07-06,189.15814208984375,189.36524537083605,186.5842258571581,187.2153769807983,45094300
2023-07-07,188.0437774658203,190.0062704618662,187.60987325439862,188.76369580404943,46815000
2023-07-10,186.00241088867188,187.36333679085425,184.45410938571575,186.6434184249519,59922200
2023-07-11,185.47975158691406,186.68288600391077,184.0202171482648,186.544822138739,46638100
2023-07-12,187.14634704589844,189.04965668897157,185.864317131752,187.0575799007695,60750200
2023-07-13,187.9056854248047,188.5467078881079,187.15619821079162,187.86624506525828,41342300
2023-07-14,188.0536346435547,188.53685056119244,187.00829198764853,187.59998771190843,41616200
2023-07-17,191.30799865722656,191.63343805134278,189.15813040004866,189.24688249449068,50520200
2023-07-18,191.0515899658203,191.64330071063998,189.75970372238763,190.6768538720752,48288200
2023-07-19,192.40267944335938,195.48939585264796,189.9865395225249,190.4303301514657,80507300
2023-07-20,190.45989990234375,193.75371936128715,189.83860510668907,192.39279363664537,59581200
2023-07-21,189.286376953125,192.2744851317762,188.58618628535973,191.41651794617295,71951700
2023-07-24,190.0851593017578,192.21530010696893,189.59207198839397,190.73603816687742,45377800
2023-07-25,190.943115234375,191.75178560391285,190.2527960456413,190.65713123041024,37283200
2023-07-26,191.81094360351562,192.93518195125802,190.64726489612826,190.99241694846552,47471900
2023-07-27,190.5486602783203,194.47363103189025,189.8879250921341,193.3099522093675,47460200
2023-07-28,193.12257385253906,193.91151654263126,191.4559363697747,191.97860770429688,48291400
2023-07-31,193.73399353027344,193.77344894031904,192.56044337061044,193.34938604539337,38824100
2023-08-01,192.90560913085938,194.0101198390568,192.58016971551623,193.52690392813534,35175100
2023-08-02,189.91751098632812,192.48155598125388,189.19760772385698,192.3434921357412,50389300
2023-08-03,188.52703857421875,189.71044534890663,188.05367887391031,188.92151753100373,61235200
2023-08-04,179.47393798828125,184.7894189873242,179.40489853673822,182.95513345446872,115956800
2023-08-07,176.37734985351562,180.59817633552169,174.8980878140883,179.61200164257014,97576100
2023-08-08,177.31419372558594,177.77769698523286,175.12488493894773,177.205713919119,67823000
2023-08-09,175.7264862060547,178.4285954688005,174.56279214243577,178.36942738973787,60378500
2023-08-10,175.5094757080078,178.25103959448677,175.1445959609342,176.99859377509202,54686900
2023-08-11,175.5687255859375,176.38835756307438,174.34422750725284,175.10461152163393,52036700
2023-08-14,177.2178955078125,177.44501774834183,175.09474782272636,175.74650562753334,43675600
2023-08-15,175.2329559326172,177.23759212733944,174.8379595164921,176.64509750315182,43622600
2023-08-16,174.36398315429688,176.30935657463468,174.29485048513217,174.9169842350172,46964900
2023-08-17,171.8260955810547,175.29223725703497,171.31258808782235,174.9268647491592,66062900
2023-08-18,172.3099822998047,172.91236175457905,169.81159252872837,170.14734105941557,61172200
2023-08-21,173.6431121826172,173.92949746098708,171.56935789788312,172.88274314562352,46311900
2023-08-22,175.01573181152344,175.46010661888187,174.04797988711957,174.84785755399471,42038900
2023-08-23,178.85714721679688,179.2817827873095,176.10201110060572,176.28963972003098,52722800
2023-08-24,174.1763458251953,178.83737622633825,173.810958290209,178.41274073112407,54945800
2023-08-25,176.37850952148438,176.91175631972774,173.62337343895007,175.16388093182096,51449600
2023-08-28,177.9387664794922,178.33376298082638,176.31925671498092,177.8400098200833,43820700
2023-08-29,181.81967163085938,182.5899254092932,177.25739693272806,177.45489519701718,53003900
2023-08-30,185.3055419921875,185.50305529692773,182.43191025327192,182.62940848986258,60813900
2023-08-31,185.52281188964844,186.75719481874472,185.13768501849643,185.4931879048022,60794500
2023-09-01,187.0929412841797,187.54718572230075,185.92767607044595,187.1225652663115,45766500
2023-09-05,187.32994079589844,187.6064413525269,185.26605625958229,185.92768366781115,45280000
2023-09-06,180.6248016357422,186.49059214043663,179.20278998997966,186.0462022000218,81755800
2023-09-07,175.3415985107422,175.98348658181322,171.37181936653653,172.9913289322691,112488800
2023-09-08,175.95387268066406,177.98814840122637,175.56874581023814,176.12176201867752,65551300
2023-09-11,177.11915588378906,178.0474143493556,175.12438865362392,177.82029208697838,58953100
2023-09-12,174.0973663330078,177.87951732730735,172.6358612060169,177.24751388848827,90370200
2023-09-13,172.0334930419922,175.0848841389881,171.80635572558617,174.30474566083996,84267900
2023-09-14,173.54437255859375,173.89987544974738,171.41135521167203,171.82610607332606,60895800
2023-09-15,172.823486328125,174.29487626046748,171.64836639188815,174.27512191376346,109259500
2023-09-18,175.74647521972656,177.13886254322455,173.96896109059597,174.2750855940285,67257600
2023-09-19,176.832763671875,177.38576479928514,174.91699900323943,175.30212586469654,51826900
2023-09-20,173.2974853515625,177.45487842056565,173.20859833310675,177.0203732393163,58436200
2023-09-21,171.75694274902344,174.09734264324985,171.6878251518227,172.36920682730067,63149100
2023-09-22,172.60621643066406,174.86761425499944,171.87547142547365,172.48772049861157,56725400
2023-09-25,173.88009643554688,174.75897636563758,171.97420160197885,172.02357992644104,46172700
2023-09-26,169.81158447265625,173.01109513731117,169.51532957863083,172.63585300181884,64588900
2023-09-27,168.30068969726562,170.87808171574733,166.93794126401278,170.46333088230946,66921800
2023-09-28,168.55747985839844,169.8807348967939,165.52582779726043,167.2243401117975,56294400
2023-09-29,169.0709686279297,170.90773103963988,168.21182785802986,169.87084635964763,51861100
2023-10-02,171.5792236328125,172.12235512412923,168.79444856905252,169.0808338409062,52164500
2023-10-03,170.24607849121094,171.46072207785286,168.6858318118607,170.1078282132375,49594600
2023-10-04,171.49037170410156,172.03350325883684,168.8339769739755,168.9524729247714,53020300
2023-10-05,172.72476196289062,173.25800883188634,170.52261166431626,171.61874445939648,48527900
2023-10-06,175.2725067138672,175.76625988669193,171.0163417068709,171.6286058875163,57266700
2023-10-09,176.75375366210938,176.81300162773064,173.60360623261292,174.60098214625398,42390800
2023-10-10,176.16123962402344,177.4746247468579,175.72673446240606,175.87486944103904,43698000
2023-10-11,177.55364990234375,177.60302823490863,175.38113888285298,175.9736336691769,47551100
2023-10-12,178.45228576660156,180.0619109305439,176.80313684087554,177.8202822818536,56743100
2023-10-13,176.6155242919922,179.65703072033497,175.91438812346496,179.15340788479125,51427100
2023-10-16,176.48712158203125,176.84262444155877,174.3047260977915,174.5417330268598,52517000
2023-10-17,174.9367218017578,176.19085892709333,172.6160912129652,174.44296868905948,57549400
2023-10-18,173.6431121826172,175.36137864838344,172.9222367694585,173.3863659573123,54764400
2023-10-19,173.2678680419922,175.61812287122567,173.00123711265553,173.84060845589931,59302900
2023-10-20,170.7200927734375,173.22835212793277,170.4830858385587,173.11972583296543,64244000
2023-10-23,170.83859252929688,171.8359684831129,167.80694090892598,168.77470794688867,55980100
2023-10-24,171.27308654785156,171.50020876645127,169.3079436842464,170.8879597127696,43816600
2023-10-25,168.96234130859375,170.89784530264086,168.51795139973865,169.73259505065448,57157000
2023-10-26,164.80494689941406,169.23885617849143,163.6001878537521,168.24146504420852,70625300
2023-10-27,166.11831665039062,166.8490767618186,164.7456834493569,164.82468576422622,58499100
2023-10-30,168.16246032714844,169.03147079181505,166.76020302980592,166.90833803254793,51131000
2023-10-31,168.636474609375,168.76484019690602,165.80232095364974,167.23421730907862,44846000
2023-11-01,171.79644775390625,172.05319393081336,167.9945430130093,168.86355325507674,56934900
2023-11-02,175.35150146484375,175.5588693503195,173.26786256268767,173.32711052996643,77334800
2023-11-03,174.44297790527344,174.61086723243213,171.1842192438163,172.06309922812656,79829200
2023-11-06,176.9907684326172,177.1882666996337,174.0085099439187,174.1763842242903,63841300
2023-11-07,179.5484161376953,180.1606652677133,176.7340169447808,176.94138484513783,70530000
2023-11-08,180.60504150390625,181.15804266662394,179.3212801943679,180.07179468790036,49340300
2023-11-09,180.1310272216797,181.81965455110011,179.53851741631973,180.67415869856794,53763500
2023-11-10,184.31365966796875,184.48177017271385,181.47578777634308,181.91086536697577,66133400
2023-11-13,182.73158264160156,183.9478113332898,182.14818998578377,183.7401702602705,43627500
2023-11-14,185.34205627441406,186.0045554032819,184.21481647353394,185.59914075952597,60108400
2023-11-15,185.9056396484375,187.3789678351275,185.67821821290843,185.74744196041772,53790500
2023-11-16,187.58665466308594,188.82266388785246,186.5385061665612,187.4482222334322,54412900
2023-11-17,187.56686401367188,188.24914348244,186.4594046371221,188.12059370194675,50922700
2023-11-20,189.30714416503906,189.76200213676566,187.75472463510502,187.76460727588125,46505100
2023-11-21,188.50621032714844,189.37636552049437,187.61628985249988,189.26759612132614,38134500
2023-11-22,189.168701171875,190.7705639920827,188.69407794514686,189.34669431189826,39617700
2023-11-24,187.84373474121094,188.76331834061182,187.13179223741543,188.7336553269539,24048300
2023-11-27,187.66574096679688,188.5358962659671,186.7857030257735,187.79429075090235,40552600
2023-11-28,188.26890563964844,188.9413024556769,187.2800983304318,187.65584993609482,38415400
2023-11-29,187.2504425048828,189.93999969621768,186.85492560121705,188.76331653900834,43014200
2023-11-30,187.82391357421875,188.18978247653794,186.0836184362666,187.71514418509676,48794400
2023-12-01,189.09951782226562,189.4159283197641,187.11200544734405,188.19969953750024,45704800
2023-12-04,187.3097381591797,187.92280887485518,185.35190415389414,187.85358512953687,43389500
2023-12-05,191.25511169433594,192.22413865175915,188.05137051787239,188.08104861869373,66628400
2023-12-06,190.1674346923828,192.58011192579394,189.95977851245675,192.27358406476233,41089700
2023-12-07,192.0955810546875,192.81740609388598,191.42318430562543,191.4627450433353,47477700
2023-12-08,193.5194854736328,193.79635031367135,191.50231010992096,192.02637677770835,53406400
2023-12-11,191.01780700683594,191.32434997590968,189.27751140798418,190.948598334338,60943700
2023-12-12,192.53065490722656,192.54053754746204,189.5741159727842,190.91889435682484,52696900
2023-12-13,195.74432373046875,195.78386938859322,192.66913204715806,192.90643617191267,70404200
2023-12-14,195.8926239013672,197.3857175620074,193.964452594447,195.8036348613561,66831600
2023-12-15,195.35865783691406,196.17935458626624,194.79503045579114,195.3190970971854,128538400
2023-12-18,193.69747924804688,194.42920214917604,192.21426816132805,193.89523770867535,55751900
2023-12-19,194.7357177734375,194.7456004150459,193.69746706046115,193.96444926391277,40714100
2023-12-20,192.64932250976562,195.46741418063525,192.64932250976562,194.69614571593394,52242800
2023-12-21,192.50100708007812,194.8741537657828,191.33422165280876,193.9051267903215,46482500
2023-12-22,191.43309020996094,193.22282892375426,190.81013681243016,192.9953923922105,37149600
2023-12-26,190.8892364501953,191.71983089218512,190.67169765519787,191.4429660781885,28919300
2023-12-27,190.98812866210938,191.33421726083122,188.95118798803827,190.33552729492325,48087700
2023-12-28,191.413330078125,192.4812438348005,191.00791544042355,191.96705978425237,34049900
2023-12-29,190.3750457763672,192.22411038080966,189.5839970121992,191.7297067892047,42672100
